dia;data;semana;fase;livro;canal;formato;vertical;tema;cta;utm;status;views;retencao;saves;cliques;inscritos;vendas
1;05/10/2026;1;F1;Vol.1 IA;TikTok;vídeo curto 21-45s;RH/recrutamento;Para de pedir 'me ajuda com isso' pra IA;comenta a palavra-chave do vídeo (isca na bio);?utm_source=tiktok&utm_medium=organico&utm_campaign=vol1&utm_content=tiktok001;a fazer;;;;;;
1;05/10/2026;1;F1;Vol.1 IA;Pinterest;pin novo 1000x1500 (imagem nova);RH/recrutamento;12 AUTOMAÇÕES SEM CÓDIGO;clique para o capítulo grátis;?utm_source=pinterest&utm_medium=organico&utm_campaign=vol1&utm_content=pinterest001;a fazer;;;;;;
1;05/10/2026;1;F1;Vol.1 IA;Pinterest;pin novo 1000x1500 (imagem nova);freelancer/social media;QUANTO COBRAR?;clique para o capítulo grátis;?utm_source=pinterest&utm_medium=organico&utm_campaign=vol1&utm_content=pinterest002;a fazer;;;;;;
1;05/10/2026;1;F1;Vol.1 IA;Pinterest;pin novo 1000x1500 (imagem nova);MEI/loja pequena;200 PROMPTS POR PROFISSÃO;clique para o capítulo grátis;?utm_source=pinterest&utm_medium=organico&utm_campaign=vol1&utm_content=pinterest003;a fazer;;;;;;
2;06/10/2026;1;F1;Vol.2 Dívidas;Instagram Reels;vídeo curto 21-45s;famílias;Esperar 6 meses custa mais que o acordo (a conta);salva + link da isca na bio;?utm_source=instagramreels&utm_medium=organico&utm_campaign=vol2&utm_content=instagram reels002;a fazer;;;;;;
2;06/10/2026;1;F1;Vol.2 Dívidas;Fórum/Comunidade;resposta útil 400-700 palavras;autônomos/motoristas;Banco ofereceu acordo: aceito?;"sem link; perfil com a isca";?utm_source=fórum&utm_medium=organico&utm_campaign=vol2&utm_content=fórum001;a fazer;;;;;;
2;06/10/2026;1;F1;Vol.2 Dívidas;Pinterest;pin novo 1000x1500 (imagem nova);estudantes/FIES;CALCULADORA DE PARCELA;clique para o capítulo grátis;?utm_source=pinterest&utm_medium=organico&utm_campaign=vol2&utm_content=pinterest004;a fazer;;;;;;
2;06/10/2026;1;F1;Vol.2 Dívidas;Pinterest;pin novo 1000x1500 (imagem nova);aposentados;RAIO-X EM 2 HORAS;clique para o capítulo grátis;?utm_source=pinterest&utm_medium=organico&utm_campaign=vol2&utm_content=pinterest005;a fazer;;;;;;
2;06/10/2026;1;F1;Vol.2 Dívidas;Pinterest;pin novo 1000x1500 (imagem nova);profissionais liberais;15 SCRIPTS DE NEGOCIAÇÃO;clique para o capítulo grátis;?utm_source=pinterest&utm_medium=organico&utm_campaign=vol2&utm_content=pinterest006;a fazer;;;;;;
3;07/10/2026;1;F1;Vol.3 Airfryer;YouTube Shorts;vídeo curto 21-45s;marmita/trabalho;Quanto custou o prato de hoje?;"inscreve; isca na descrição";?utm_source=youtubeshorts&utm_medium=organico&utm_campaign=vol3&utm_content=youtube shorts003;a fazer;;;;;;
3;07/10/2026;1;F1;Vol.3 Airfryer;Pinterest;pin novo 1000x1500 (imagem nova);vegetarianos;TABELA DE TEMPERATURA;clique para o capítulo grátis;?utm_source=pinterest&utm_medium=organico&utm_campaign=vol3&utm_content=pinterest007;a fazer;;;;;;
3;07/10/2026;1;F1;Vol.3 Airfryer;Pinterest;pin novo 1000x1500 (imagem nova);famílias com crianças;R$ 25 PARA 3 PESSOAS;clique para o capítulo grátis;?utm_source=pinterest&utm_medium=organico&utm_campaign=vol3&utm_content=pinterest008;a fazer;;;;;;
3;07/10/2026;1;F1;Vol.3 Airfryer;Pinterest;pin novo 1000x1500 (imagem nova);universitários/república;2 LITROS: AJUSTE AQUI;clique para o capítulo grátis;?utm_source=pinterest&utm_medium=organico&utm_campaign=vol3&utm_content=pinterest009;a fazer;;;;;;
4;08/10/2026;1;F1;Vol.4 Energia;TikTok;vídeo curto 21-45s;motoristas de app;Trabalha à noite ou em escala? Essa trilha é sua;comenta a palavra-chave do vídeo (isca na bio);?utm_source=tiktok&utm_medium=organico&utm_campaign=vol4&utm_content=tiktok004;a fazer;;;;;;
4;08/10/2026;1;F1;Vol.4 Energia;Fórum/Comunidade;resposta útil 400-700 palavras;mães e pais;Como organizar a manhã com filho pequeno?;"sem link; perfil com a isca";?utm_source=fórum&utm_medium=organico&utm_campaign=vol4&utm_content=fórum002;a fazer;;;;;;
4;08/10/2026;1;F1;Vol.4 Energia;Pinterest;pin novo 1000x1500 (imagem nova);mães e pais;7 CORREÇÕES NO QUARTO;clique para o capítulo grátis;?utm_source=pinterest&utm_medium=organico&utm_campaign=vol4&utm_content=pinterest010;a fazer;;;;;;
4;08/10/2026;1;F1;Vol.4 Energia;Pinterest;pin novo 1000x1500 (imagem nova);concurseiros/ENEM;RASTREADOR DE 21 DIAS;clique para o capítulo grátis;?utm_source=pinterest&utm_medium=organico&utm_campaign=vol4&utm_content=pinterest011;a fazer;;;;;;
4;08/10/2026;1;F1;Vol.4 Energia;Pinterest;pin novo 1000x1500 (imagem nova);motoristas de app;10 MINUTOS DE LUZ;clique para o capítulo grátis;?utm_source=pinterest&utm_medium=organico&utm_campaign=vol4&utm_content=pinterest012;a fazer;;;;;;
5;09/10/2026;1;F1;Vol.1 IA;Instagram Reels;vídeo curto 21-45s;professores;Quanto vale a SUA hora? Calculo em 15 s;salva + link da isca na bio;?utm_source=instagramreels&utm_medium=organico&utm_campaign=vol1&utm_content=instagram reels005;a fazer;;;;;;
5;09/10/2026;1;F1;Vol.1 IA;Pinterest;pin novo 1000x1500 (imagem nova);professores;12 AUTOMAÇÕES SEM CÓDIGO;clique para o capítulo grátis;?utm_source=pinterest&utm_medium=organico&utm_campaign=vol1&utm_content=pinterest013;a fazer;;;;;;
5;09/10/2026;1;F1;Vol.1 IA;Pinterest;pin novo 1000x1500 (imagem nova);corretores;QUANTO COBRAR?;clique para o capítulo grátis;?utm_source=pinterest&utm_medium=organico&utm_campaign=vol1&utm_content=pinterest014;a fazer;;;;;;
5;09/10/2026;1;F1;Vol.1 IA;Pinterest;pin novo 1000x1500 (imagem nova);suporte/atendimento;200 PROMPTS POR PROFISSÃO;clique para o capítulo grátis;?utm_source=pinterest&utm_medium=organico&utm_campaign=vol1&utm_content=pinterest015;a fazer;;;;;;
6;10/10/2026;1;F1;Vol.2 Dívidas;YouTube Shorts;vídeo curto 21-45s;profissionais liberais;A ordem certa: organizar, enxugar, negociar, quitar;"inscreve; isca na descrição";?utm_source=youtubeshorts&utm_medium=organico&utm_campaign=vol2&utm_content=youtube shorts006;a fazer;;;;;;
6;10/10/2026;1;F1;Vol.2 Dívidas;YouTube;vídeo longo 6-12 min;autônomos/motoristas;Vídeo longo do Vol.2 Dívidas (ver arquivo 14, seção 2);isca na descrição + capítulo final;?utm_source=youtube&utm_medium=organico&utm_campaign=vol2&utm_content=youtube001;a fazer;;;;;;
6;10/10/2026;1;F1;Vol.2 Dívidas;Pinterest;pin novo 1000x1500 (imagem nova);servidores;CALCULADORA DE PARCELA;clique para o capítulo grátis;?utm_source=pinterest&utm_medium=organico&utm_campaign=vol2&utm_content=pinterest016;a fazer;;;;;;
6;10/10/2026;1;F1;Vol.2 Dívidas;Pinterest;pin novo 1000x1500 (imagem nova);autônomos/motoristas;RAIO-X EM 2 HORAS;clique para o capítulo grátis;?utm_source=pinterest&utm_medium=organico&utm_campaign=vol2&utm_content=pinterest017;a fazer;;;;;;
6;10/10/2026;1;F1;Vol.2 Dívidas;Pinterest;pin novo 1000x1500 (imagem nova);famílias;15 SCRIPTS DE NEGOCIAÇÃO;clique para o capítulo grátis;?utm_source=pinterest&utm_medium=organico&utm_campaign=vol2&utm_content=pinterest018;a fazer;;;;;;
7;11/10/2026;1;F1;Vol.3 Airfryer;Newsletter;1 ideia + 1 tarefa + 1 CTA;universitários/república;Sua airfryer é 2L? A regra de ajuste;oferta R$ 47 (garantia de 7 dias);?utm_source=newsletter&utm_medium=organico&utm_campaign=vol3&utm_content=newsletter001;a fazer;;;;;;
7;11/10/2026;1;F1;Vol.3 Airfryer;Pinterest;pin novo 1000x1500 (imagem nova);marmita/trabalho;TABELA DE TEMPERATURA;clique para o capítulo grátis;?utm_source=pinterest&utm_medium=organico&utm_campaign=vol3&utm_content=pinterest019;a fazer;;;;;;
7;11/10/2026;1;F1;Vol.3 Airfryer;Pinterest;pin novo 1000x1500 (imagem nova);festas em casa;R$ 25 PARA 3 PESSOAS;clique para o capítulo grátis;?utm_source=pinterest&utm_medium=organico&utm_campaign=vol3&utm_content=pinterest020;a fazer;;;;;;
7;11/10/2026;1;F1;Vol.3 Airfryer;Pinterest;pin novo 1000x1500 (imagem nova);orçamento apertado;2 LITROS: AJUSTE AQUI;clique para o capítulo grátis;?utm_source=pinterest&utm_medium=organico&utm_campaign=vol3&utm_content=pinterest021;a fazer;;;;;;
8;12/10/2026;2;F1;Vol.4 Energia;TikTok;vídeo curto 21-45s;viajantes/fuso;15 minutos por dia, 21 dias;comenta a palavra-chave do vídeo (isca na bio);?utm_source=tiktok&utm_medium=organico&utm_campaign=vol4&utm_content=tiktok007;a fazer;;;;;;
8;12/10/2026;2;F1;Vol.4 Energia;Pinterest;pin novo 1000x1500 (imagem nova);freelancers;7 CORREÇÕES NO QUARTO;clique para o capítulo grátis;?utm_source=pinterest&utm_medium=organico&utm_campaign=vol4&utm_content=pinterest022;a fazer;;;;;;
8;12/10/2026;2;F1;Vol.4 Energia;Pinterest;pin novo 1000x1500 (imagem nova);viajantes/fuso;RASTREADOR DE 21 DIAS;clique para o capítulo grátis;?utm_source=pinterest&utm_medium=organico&utm_campaign=vol4&utm_content=pinterest023;a fazer;;;;;;
8;12/10/2026;2;F1;Vol.4 Energia;Pinterest;pin novo 1000x1500 (imagem nova);enfermagem/plantão;10 MINUTOS DE LUZ;clique para o capítulo grátis;?utm_source=pinterest&utm_medium=organico&utm_campaign=vol4&utm_content=pinterest024;a fazer;;;;;;
9;13/10/2026;2;F1;Vol.1 IA;Instagram Reels;vídeo curto 21-45s;escritório/contabilidade;IA não veio te substituir, veio tirar a parte chata;salva + link da isca na bio;?utm_source=instagramreels&utm_medium=organico&utm_campaign=vol1&utm_content=instagram reels008;a fazer;;;;;;
9;13/10/2026;2;F1;Vol.1 IA;Fórum/Comunidade;resposta útil 400-700 palavras;MEI/loja pequena;Como ganhar tempo no escritório?;"sem link; perfil com a isca";?utm_source=fórum&utm_medium=organico&utm_campaign=vol1&utm_content=fórum003;a fazer;;;;;;
9;13/10/2026;2;F1;Vol.1 IA;Pinterest;pin novo 1000x1500 (imagem nova);RH/recrutamento;12 AUTOMAÇÕES SEM CÓDIGO;clique para o capítulo grátis;?utm_source=pinterest&utm_medium=organico&utm_campaign=vol1&utm_content=pinterest025;a fazer;;;;;;
9;13/10/2026;2;F1;Vol.1 IA;Pinterest;pin novo 1000x1500 (imagem nova);freelancer/social media;QUANTO COBRAR?;clique para o capítulo grátis;?utm_source=pinterest&utm_medium=organico&utm_campaign=vol1&utm_content=pinterest026;a fazer;;;;;;
9;13/10/2026;2;F1;Vol.1 IA;Pinterest;pin novo 1000x1500 (imagem nova);MEI/loja pequena;200 PROMPTS POR PROFISSÃO;clique para o capítulo grátis;?utm_source=pinterest&utm_medium=organico&utm_campaign=vol1&utm_content=pinterest027;a fazer;;;;;;
10;14/10/2026;2;F1;Vol.2 Dívidas;YouTube Shorts;vídeo curto 21-45s;autônomos/motoristas;Cobrança todo dia? Obra pela ordem;"inscreve; isca na descrição";?utm_source=youtubeshorts&utm_medium=organico&utm_campaign=vol2&utm_content=youtube shorts009;a fazer;;;;;;
10;14/10/2026;2;F1;Vol.2 Dívidas;Pinterest;pin novo 1000x1500 (imagem nova);estudantes/FIES;CALCULADORA DE PARCELA;clique para o capítulo grátis;?utm_source=pinterest&utm_medium=organico&utm_campaign=vol2&utm_content=pinterest028;a fazer;;;;;;
10;14/10/2026;2;F1;Vol.2 Dívidas;Pinterest;pin novo 1000x1500 (imagem nova);aposentados;RAIO-X EM 2 HORAS;clique para o capítulo grátis;?utm_source=pinterest&utm_medium=organico&utm_campaign=vol2&utm_content=pinterest029;a fazer;;;;;;
10;14/10/2026;2;F1;Vol.2 Dívidas;Pinterest;pin novo 1000x1500 (imagem nova);profissionais liberais;15 SCRIPTS DE NEGOCIAÇÃO;clique para o capítulo grátis;?utm_source=pinterest&utm_medium=organico&utm_campaign=vol2&utm_content=pinterest030;a fazer;;;;;;
11;15/10/2026;2;F1;Vol.3 Airfryer;TikTok;vídeo curto 21-45s;quem mora sozinho;Jantar para 3 por menos de R$ 25;comenta a palavra-chave do vídeo (isca na bio);?utm_source=tiktok&utm_medium=organico&utm_campaign=vol3&utm_content=tiktok010;a fazer;;;;;;
11;15/10/2026;2;F1;Vol.3 Airfryer;Fórum/Comunidade;resposta útil 400-700 palavras;festas em casa;Comida barata para república?;"sem link; perfil com a isca";?utm_source=fórum&utm_medium=organico&utm_campaign=vol3&utm_content=fórum004;a fazer;;;;;;
11;15/10/2026;2;F1;Vol.3 Airfryer;Pinterest;pin novo 1000x1500 (imagem nova);vegetarianos;TABELA DE TEMPERATURA;clique para o capítulo grátis;?utm_source=pinterest&utm_medium=organico&utm_campaign=vol3&utm_content=pinterest031;a fazer;;;;;;
11;15/10/2026;2;F1;Vol.3 Airfryer;Pinterest;pin novo 1000x1500 (imagem nova);famílias com crianças;R$ 25 PARA 3 PESSOAS;clique para o capítulo grátis;?utm_source=pinterest&utm_medium=organico&utm_campaign=vol3&utm_content=pinterest032;a fazer;;;;;;
11;15/10/2026;2;F1;Vol.3 Airfryer;Pinterest;pin novo 1000x1500 (imagem nova);universitários/república;2 LITROS: AJUSTE AQUI;clique para o capítulo grátis;?utm_source=pinterest&utm_medium=organico&utm_campaign=vol3&utm_content=pinterest033;a fazer;;;;;;
12;16/10/2026;2;F1;Vol.4 Energia;Instagram Reels;vídeo curto 21-45s;concurseiros/ENEM;Café às 16h: faz a conta;salva + link da isca na bio;?utm_source=instagramreels&utm_medium=organico&utm_campaign=vol4&utm_content=instagram reels011;a fazer;;;;;;
12;16/10/2026;2;F1;Vol.4 Energia;Pinterest;pin novo 1000x1500 (imagem nova);mães e pais;7 CORREÇÕES NO QUARTO;clique para o capítulo grátis;?utm_source=pinterest&utm_medium=organico&utm_campaign=vol4&utm_content=pinterest034;a fazer;;;;;;
12;16/10/2026;2;F1;Vol.4 Energia;Pinterest;pin novo 1000x1500 (imagem nova);concurseiros/ENEM;RASTREADOR DE 21 DIAS;clique para o capítulo grátis;?utm_source=pinterest&utm_medium=organico&utm_campaign=vol4&utm_content=pinterest035;a fazer;;;;;;
12;16/10/2026;2;F1;Vol.4 Energia;Pinterest;pin novo 1000x1500 (imagem nova);motoristas de app;10 MINUTOS DE LUZ;clique para o capítulo grátis;?utm_source=pinterest&utm_medium=organico&utm_campaign=vol4&utm_content=pinterest036;a fazer;;;;;;
13;17/10/2026;2;F1;Vol.1 IA;YouTube Shorts;vídeo curto 21-45s;advocacia;A tarefa que ninguém devia fazer à mão em 2026;"inscreve; isca na descrição";?utm_source=youtubeshorts&utm_medium=organico&utm_campaign=vol1&utm_content=youtube shorts012;a fazer;;;;;;
13;17/10/2026;2;F1;Vol.1 IA;YouTube;vídeo longo 6-12 min;freelancer/social media;Vídeo longo do Vol.1 IA (ver arquivo 14, seção 2);isca na descrição + capítulo final;?utm_source=youtube&utm_medium=organico&utm_campaign=vol1&utm_content=youtube002;a fazer;;;;;;
13;17/10/2026;2;F1;Vol.1 IA;Pinterest;pin novo 1000x1500 (imagem nova);professores;12 AUTOMAÇÕES SEM CÓDIGO;clique para o capítulo grátis;?utm_source=pinterest&utm_medium=organico&utm_campaign=vol1&utm_content=pinterest037;a fazer;;;;;;
13;17/10/2026;2;F1;Vol.1 IA;Pinterest;pin novo 1000x1500 (imagem nova);corretores;QUANTO COBRAR?;clique para o capítulo grátis;?utm_source=pinterest&utm_medium=organico&utm_campaign=vol1&utm_content=pinterest038;a fazer;;;;;;
13;17/10/2026;2;F1;Vol.1 IA;Pinterest;pin novo 1000x1500 (imagem nova);suporte/atendimento;200 PROMPTS POR PROFISSÃO;clique para o capítulo grátis;?utm_source=pinterest&utm_medium=organico&utm_campaign=vol1&utm_content=pinterest039;a fazer;;;;;;
14;18/10/2026;2;F1;Vol.2 Dívidas;Newsletter;1 ideia + 1 tarefa + 1 CTA;famílias;O script da 1ª ligação (copie e use);oferta R$ 47 (garantia de 7 dias);?utm_source=newsletter&utm_medium=organico&utm_campaign=vol2&utm_content=newsletter002;a fazer;;;;;;
14;18/10/2026;2;F1;Vol.2 Dívidas;Pinterest;pin novo 1000x1500 (imagem nova);servidores;CALCULADORA DE PARCELA;clique para o capítulo grátis;?utm_source=pinterest&utm_medium=organico&utm_campaign=vol2&utm_content=pinterest040;a fazer;;;;;;
14;18/10/2026;2;F1;Vol.2 Dívidas;Pinterest;pin novo 1000x1500 (imagem nova);autônomos/motoristas;RAIO-X EM 2 HORAS;clique para o capítulo grátis;?utm_source=pinterest&utm_medium=organico&utm_campaign=vol2&utm_content=pinterest041;a fazer;;;;;;
14;18/10/2026;2;F1;Vol.2 Dívidas;Pinterest;pin novo 1000x1500 (imagem nova);famílias;15 SCRIPTS DE NEGOCIAÇÃO;clique para o capítulo grátis;?utm_source=pinterest&utm_medium=organico&utm_campaign=vol2&utm_content=pinterest042;a fazer;;;;;;
15;19/10/2026;3;F1;Vol.3 Airfryer;TikTok;vídeo curto 21-45s;orçamento apertado;Quanto custou o prato de hoje?;comenta a palavra-chave do vídeo (isca na bio);?utm_source=tiktok&utm_medium=organico&utm_campaign=vol3&utm_content=tiktok013;a fazer;;;;;;
15;19/10/2026;3;F1;Vol.3 Airfryer;Pinterest;pin novo 1000x1500 (imagem nova);marmita/trabalho;TABELA DE TEMPERATURA;clique para o capítulo grátis;?utm_source=pinterest&utm_medium=organico&utm_campaign=vol3&utm_content=pinterest043;a fazer;;;;;;
15;19/10/2026;3;F1;Vol.3 Airfryer;Pinterest;pin novo 1000x1500 (imagem nova);festas em casa;R$ 25 PARA 3 PESSOAS;clique para o capítulo grátis;?utm_source=pinterest&utm_medium=organico&utm_campaign=vol3&utm_content=pinterest044;a fazer;;;;;;
15;19/10/2026;3;F1;Vol.3 Airfryer;Pinterest;pin novo 1000x1500 (imagem nova);orçamento apertado;2 LITROS: AJUSTE AQUI;clique para o capítulo grátis;?utm_source=pinterest&utm_medium=organico&utm_campaign=vol3&utm_content=pinterest045;a fazer;;;;;;
16;20/10/2026;3;F1;Vol.4 Energia;Instagram Reels;vídeo curto 21-45s;freelancers;Trabalha à noite ou em escala? Essa trilha é sua;salva + link da isca na bio;?utm_source=instagramreels&utm_medium=organico&utm_campaign=vol4&utm_content=instagram reels014;a fazer;;;;;;
16;20/10/2026;3;F1;Vol.4 Energia;Fórum/Comunidade;resposta útil 400-700 palavras;atletas amadores;Como virar o dia depois da escala?;"sem link; perfil com a isca";?utm_source=fórum&utm_medium=organico&utm_campaign=vol4&utm_content=fórum005;a fazer;;;;;;
16;20/10/2026;3;F1;Vol.4 Energia;Pinterest;pin novo 1000x1500 (imagem nova);freelancers;7 CORREÇÕES NO QUARTO;clique para o capítulo grátis;?utm_source=pinterest&utm_medium=organico&utm_campaign=vol4&utm_content=pinterest046;a fazer;;;;;;
16;20/10/2026;3;F1;Vol.4 Energia;Pinterest;pin novo 1000x1500 (imagem nova);viajantes/fuso;RASTREADOR DE 21 DIAS;clique para o capítulo grátis;?utm_source=pinterest&utm_medium=organico&utm_campaign=vol4&utm_content=pinterest047;a fazer;;;;;;
16;20/10/2026;3;F1;Vol.4 Energia;Pinterest;pin novo 1000x1500 (imagem nova);enfermagem/plantão;10 MINUTOS DE LUZ;clique para o capítulo grátis;?utm_source=pinterest&utm_medium=organico&utm_campaign=vol4&utm_content=pinterest048;a fazer;;;;;;
17;21/10/2026;3;F1;Vol.1 IA;YouTube Shorts;vídeo curto 21-45s;suporte/atendimento;Quanto vale a SUA hora? Calculo em 15 s;"inscreve; isca na descrição";?utm_source=youtubeshorts&utm_medium=organico&utm_campaign=vol1&utm_content=youtube shorts015;a fazer;;;;;;
17;21/10/2026;3;F1;Vol.1 IA;Pinterest;pin novo 1000x1500 (imagem nova);RH/recrutamento;12 AUTOMAÇÕES SEM CÓDIGO;clique para o capítulo grátis;?utm_source=pinterest&utm_medium=organico&utm_campaign=vol1&utm_content=pinterest049;a fazer;;;;;;
17;21/10/2026;3;F1;Vol.1 IA;Pinterest;pin novo 1000x1500 (imagem nova);freelancer/social media;QUANTO COBRAR?;clique para o capítulo grátis;?utm_source=pinterest&utm_medium=organico&utm_campaign=vol1&utm_content=pinterest050;a fazer;;;;;;
17;21/10/2026;3;F1;Vol.1 IA;Pinterest;pin novo 1000x1500 (imagem nova);MEI/loja pequena;200 PROMPTS POR PROFISSÃO;clique para o capítulo grátis;?utm_source=pinterest&utm_medium=organico&utm_campaign=vol1&utm_content=pinterest051;a fazer;;;;;;
18;22/10/2026;3;F1;Vol.2 Dívidas;TikTok;vídeo curto 21-45s;servidores;A ordem certa: organizar, enxugar, negociar, quitar;comenta a palavra-chave do vídeo (isca na bio);?utm_source=tiktok&utm_medium=organico&utm_campaign=vol2&utm_content=tiktok016;a fazer;;;;;;
18;22/10/2026;3;F1;Vol.2 Dívidas;Fórum/Comunidade;resposta útil 400-700 palavras;profissionais liberais;Banco ofereceu acordo: aceito?;"sem link; perfil com a isca";?utm_source=fórum&utm_medium=organico&utm_campaign=vol2&utm_content=fórum006;a fazer;;;;;;
18;22/10/2026;3;F1;Vol.2 Dívidas;Pinterest;pin novo 1000x1500 (imagem nova);estudantes/FIES;CALCULADORA DE PARCELA;clique para o capítulo grátis;?utm_source=pinterest&utm_medium=organico&utm_campaign=vol2&utm_content=pinterest052;a fazer;;;;;;
18;22/10/2026;3;F1;Vol.2 Dívidas;Pinterest;pin novo 1000x1500 (imagem nova);aposentados;RAIO-X EM 2 HORAS;clique para o capítulo grátis;?utm_source=pinterest&utm_medium=organico&utm_campaign=vol2&utm_content=pinterest053;a fazer;;;;;;
18;22/10/2026;3;F1;Vol.2 Dívidas;Pinterest;pin novo 1000x1500 (imagem nova);profissionais liberais;15 SCRIPTS DE NEGOCIAÇÃO;clique para o capítulo grátis;?utm_source=pinterest&utm_medium=organico&utm_campaign=vol2&utm_content=pinterest054;a fazer;;;;;;
19;23/10/2026;3;F1;Vol.3 Airfryer;Instagram Reels;vídeo curto 21-45s;universitários/república;Congelei no domingo, na quarta estava igual;salva + link da isca na bio;?utm_source=instagramreels&utm_medium=organico&utm_campaign=vol3&utm_content=instagram reels017;a fazer;;;;;;
19;23/10/2026;3;F1;Vol.3 Airfryer;Pinterest;pin novo 1000x1500 (imagem nova);vegetarianos;TABELA DE TEMPERATURA;clique para o capítulo grátis;?utm_source=pinterest&utm_medium=organico&utm_campaign=vol3&utm_content=pinterest055;a fazer;;;;;;
19;23/10/2026;3;F1;Vol.3 Airfryer;Pinterest;pin novo 1000x1500 (imagem nova);famílias com crianças;R$ 25 PARA 3 PESSOAS;clique para o capítulo grátis;?utm_source=pinterest&utm_medium=organico&utm_campaign=vol3&utm_content=pinterest056;a fazer;;;;;;
19;23/10/2026;3;F1;Vol.3 Airfryer;Pinterest;pin novo 1000x1500 (imagem nova);universitários/república;2 LITROS: AJUSTE AQUI;clique para o capítulo grátis;?utm_source=pinterest&utm_medium=organico&utm_campaign=vol3&utm_content=pinterest057;a fazer;;;;;;
20;24/10/2026;3;F1;Vol.4 Energia;YouTube Shorts;vídeo curto 21-45s;mães e pais;Os 3 blocos do dia: difícil, recuperação, fechamento;"inscreve; isca na descrição";?utm_source=youtubeshorts&utm_medium=organico&utm_campaign=vol4&utm_content=youtube shorts018;a fazer;;;;;;
20;24/10/2026;3;F1;Vol.4 Energia;YouTube;vídeo longo 6-12 min;concurseiros/ENEM;Vídeo longo do Vol.4 Energia (ver arquivo 14, seção 2);isca na descrição + capítulo final;?utm_source=youtube&utm_medium=organico&utm_campaign=vol4&utm_content=youtube003;a fazer;;;;;;
20;24/10/2026;3;F1;Vol.4 Energia;Pinterest;pin novo 1000x1500 (imagem nova);mães e pais;7 CORREÇÕES NO QUARTO;clique para o capítulo grátis;?utm_source=pinterest&utm_medium=organico&utm_campaign=vol4&utm_content=pinterest058;a fazer;;;;;;
20;24/10/2026;3;F1;Vol.4 Energia;Pinterest;pin novo 1000x1500 (imagem nova);concurseiros/ENEM;RASTREADOR DE 21 DIAS;clique para o capítulo grátis;?utm_source=pinterest&utm_medium=organico&utm_campaign=vol4&utm_content=pinterest059;a fazer;;;;;;
20;24/10/2026;3;F1;Vol.4 Energia;Pinterest;pin novo 1000x1500 (imagem nova);motoristas de app;10 MINUTOS DE LUZ;clique para o capítulo grátis;?utm_source=pinterest&utm_medium=organico&utm_campaign=vol4&utm_content=pinterest060;a fazer;;;;;;
21;25/10/2026;3;F1;Vol.1 IA;Newsletter;1 ideia + 1 tarefa + 1 CTA;MEI/loja pequena;O prompt de 5 campos (e por que economiza 2 horas);oferta R$ 47 (garantia de 7 dias);?utm_source=newsletter&utm_medium=organico&utm_campaign=vol1&utm_content=newsletter003;a fazer;;;;;;
21;25/10/2026;3;F1;Vol.1 IA;Pinterest;pin novo 1000x1500 (imagem nova);professores;12 AUTOMAÇÕES SEM CÓDIGO;clique para o capítulo grátis;?utm_source=pinterest&utm_medium=organico&utm_campaign=vol1&utm_content=pinterest061;a fazer;;;;;;
21;25/10/2026;3;F1;Vol.1 IA;Pinterest;pin novo 1000x1500 (imagem nova);corretores;QUANTO COBRAR?;clique para o capítulo grátis;?utm_source=pinterest&utm_medium=organico&utm_campaign=vol1&utm_content=pinterest062;a fazer;;;;;;
21;25/10/2026;3;F1;Vol.1 IA;Pinterest;pin novo 1000x1500 (imagem nova);suporte/atendimento;200 PROMPTS POR PROFISSÃO;clique para o capítulo grátis;?utm_source=pinterest&utm_medium=organico&utm_campaign=vol1&utm_content=pinterest063;a fazer;;;;;;
22;26/10/2026;4;F1;Vol.2 Dívidas;TikTok;vídeo curto 21-45s;jovens no 1º emprego;Cobrança todo dia? Obra pela ordem;comenta a palavra-chave do vídeo (isca na bio);?utm_source=tiktok&utm_medium=organico&utm_campaign=vol2&utm_content=tiktok019;a fazer;;;;;;
22;26/10/2026;4;F1;Vol.2 Dívidas;Pinterest;pin novo 1000x1500 (imagem nova);servidores;CALCULADORA DE PARCELA;clique para o capítulo grátis;?utm_source=pinterest&utm_medium=organico&utm_campaign=vol2&utm_content=pinterest064;a fazer;;;;;;
22;26/10/2026;4;F1;Vol.2 Dívidas;Pinterest;pin novo 1000x1500 (imagem nova);autônomos/motoristas;RAIO-X EM 2 HORAS;clique para o capítulo grátis;?utm_source=pinterest&utm_medium=organico&utm_campaign=vol2&utm_content=pinterest065;a fazer;;;;;;
22;26/10/2026;4;F1;Vol.2 Dívidas;Pinterest;pin novo 1000x1500 (imagem nova);famílias;15 SCRIPTS DE NEGOCIAÇÃO;clique para o capítulo grátis;?utm_source=pinterest&utm_medium=organico&utm_campaign=vol2&utm_content=pinterest066;a fazer;;;;;;
23;27/10/2026;4;F1;Vol.3 Airfryer;Instagram Reels;vídeo curto 21-45s;festas em casa;Jantar para 3 por menos de R$ 25;salva + link da isca na bio;?utm_source=instagramreels&utm_medium=organico&utm_campaign=vol3&utm_content=instagram reels020;a fazer;;;;;;
23;27/10/2026;4;F1;Vol.3 Airfryer;Fórum/Comunidade;resposta útil 400-700 palavras;vegetarianos;Jantar rápido para 4 pessoas?;"sem link; perfil com a isca";?utm_source=fórum&utm_medium=organico&utm_campaign=vol3&utm_content=fórum007;a fazer;;;;;;
23;27/10/2026;4;F1;Vol.3 Airfryer;Pinterest;pin novo 1000x1500 (imagem nova);marmita/trabalho;TABELA DE TEMPERATURA;clique para o capítulo grátis;?utm_source=pinterest&utm_medium=organico&utm_campaign=vol3&utm_content=pinterest067;a fazer;;;;;;
23;27/10/2026;4;F1;Vol.3 Airfryer;Pinterest;pin novo 1000x1500 (imagem nova);festas em casa;R$ 25 PARA 3 PESSOAS;clique para o capítulo grátis;?utm_source=pinterest&utm_medium=organico&utm_campaign=vol3&utm_content=pinterest068;a fazer;;;;;;
23;27/10/2026;4;F1;Vol.3 Airfryer;Pinterest;pin novo 1000x1500 (imagem nova);orçamento apertado;2 LITROS: AJUSTE AQUI;clique para o capítulo grátis;?utm_source=pinterest&utm_medium=organico&utm_campaign=vol3&utm_content=pinterest069;a fazer;;;;;;
24;28/10/2026;4;F1;Vol.4 Energia;YouTube Shorts;vídeo curto 21-45s;atletas amadores;Café às 16h: faz a conta;"inscreve; isca na descrição";?utm_source=youtubeshorts&utm_medium=organico&utm_campaign=vol4&utm_content=youtube shorts021;a fazer;;;;;;
24;28/10/2026;4;F1;Vol.4 Energia;Pinterest;pin novo 1000x1500 (imagem nova);freelancers;7 CORREÇÕES NO QUARTO;clique para o capítulo grátis;?utm_source=pinterest&utm_medium=organico&utm_campaign=vol4&utm_content=pinterest070;a fazer;;;;;;
24;28/10/2026;4;F1;Vol.4 Energia;Pinterest;pin novo 1000x1500 (imagem nova);viajantes/fuso;RASTREADOR DE 21 DIAS;clique para o capítulo grátis;?utm_source=pinterest&utm_medium=organico&utm_campaign=vol4&utm_content=pinterest071;a fazer;;;;;;
24;28/10/2026;4;F1;Vol.4 Energia;Pinterest;pin novo 1000x1500 (imagem nova);enfermagem/plantão;10 MINUTOS DE LUZ;clique para o capítulo grátis;?utm_source=pinterest&utm_medium=organico&utm_campaign=vol4&utm_content=pinterest072;a fazer;;;;;;
25;29/10/2026;4;F1;Vol.1 IA;TikTok;vídeo curto 21-45s;corretores;A tarefa que ninguém devia fazer à mão em 2026;comenta a palavra-chave do vídeo (isca na bio);?utm_source=tiktok&utm_medium=organico&utm_campaign=vol1&utm_content=tiktok022;a fazer;;;;;;
25;29/10/2026;4;F1;Vol.1 IA;Fórum/Comunidade;resposta útil 400-700 palavras;escritório/contabilidade;Como ganhar tempo no escritório?;"sem link; perfil com a isca";?utm_source=fórum&utm_medium=organico&utm_campaign=vol1&utm_content=fórum008;a fazer;;;;;;
25;29/10/2026;4;F1;Vol.1 IA;Pinterest;pin novo 1000x1500 (imagem nova);RH/recrutamento;12 AUTOMAÇÕES SEM CÓDIGO;clique para o capítulo grátis;?utm_source=pinterest&utm_medium=organico&utm_campaign=vol1&utm_content=pinterest073;a fazer;;;;;;
25;29/10/2026;4;F1;Vol.1 IA;Pinterest;pin novo 1000x1500 (imagem nova);freelancer/social media;QUANTO COBRAR?;clique para o capítulo grátis;?utm_source=pinterest&utm_medium=organico&utm_campaign=vol1&utm_content=pinterest074;a fazer;;;;;;
25;29/10/2026;4;F1;Vol.1 IA;Pinterest;pin novo 1000x1500 (imagem nova);MEI/loja pequena;200 PROMPTS POR PROFISSÃO;clique para o capítulo grátis;?utm_source=pinterest&utm_medium=organico&utm_campaign=vol1&utm_content=pinterest075;a fazer;;;;;;
26;30/10/2026;4;F1;Vol.2 Dívidas;Instagram Reels;vídeo curto 21-45s;CLT;A frase que faz pedir o supervisor;salva + link da isca na bio;?utm_source=instagramreels&utm_medium=organico&utm_campaign=vol2&utm_content=instagram reels023;a fazer;;;;;;
26;30/10/2026;4;F1;Vol.2 Dívidas;Pinterest;pin novo 1000x1500 (imagem nova);estudantes/FIES;CALCULADORA DE PARCELA;clique para o capítulo grátis;?utm_source=pinterest&utm_medium=organico&utm_campaign=vol2&utm_content=pinterest076;a fazer;;;;;;
26;30/10/2026;4;F1;Vol.2 Dívidas;Pinterest;pin novo 1000x1500 (imagem nova);aposentados;RAIO-X EM 2 HORAS;clique para o capítulo grátis;?utm_source=pinterest&utm_medium=organico&utm_campaign=vol2&utm_content=pinterest077;a fazer;;;;;;
26;30/10/2026;4;F1;Vol.2 Dívidas;Pinterest;pin novo 1000x1500 (imagem nova);profissionais liberais;15 SCRIPTS DE NEGOCIAÇÃO;clique para o capítulo grátis;?utm_source=pinterest&utm_medium=organico&utm_campaign=vol2&utm_content=pinterest078;a fazer;;;;;;
27;31/10/2026;4;F1;Vol.3 Airfryer;YouTube Shorts;vídeo curto 21-45s;famílias com crianças;Airfryer de 2 litros: o erro é a quantidade;"inscreve; isca na descrição";?utm_source=youtubeshorts&utm_medium=organico&utm_campaign=vol3&utm_content=youtube shorts024;a fazer;;;;;;
27;31/10/2026;4;F1;Vol.3 Airfryer;YouTube;vídeo longo 6-12 min;festas em casa;Vídeo longo do Vol.3 Airfryer (ver arquivo 14, seção 2);isca na descrição + capítulo final;?utm_source=youtube&utm_medium=organico&utm_campaign=vol3&utm_content=youtube004;a fazer;;;;;;
27;31/10/2026;4;F1;Vol.3 Airfryer;Pinterest;pin novo 1000x1500 (imagem nova);vegetarianos;TABELA DE TEMPERATURA;clique para o capítulo grátis;?utm_source=pinterest&utm_medium=organico&utm_campaign=vol3&utm_content=pinterest079;a fazer;;;;;;
27;31/10/2026;4;F1;Vol.3 Airfryer;Pinterest;pin novo 1000x1500 (imagem nova);famílias com crianças;R$ 25 PARA 3 PESSOAS;clique para o capítulo grátis;?utm_source=pinterest&utm_medium=organico&utm_campaign=vol3&utm_content=pinterest080;a fazer;;;;;;
27;31/10/2026;4;F1;Vol.3 Airfryer;Pinterest;pin novo 1000x1500 (imagem nova);universitários/república;2 LITROS: AJUSTE AQUI;clique para o capítulo grátis;?utm_source=pinterest&utm_medium=organico&utm_campaign=vol3&utm_content=pinterest081;a fazer;;;;;;
28;01/11/2026;4;F1;Vol.4 Energia;Newsletter;1 ideia + 1 tarefa + 1 CTA;motoristas de app;As 3 tarefas da última hora;oferta R$ 47 (garantia de 7 dias);?utm_source=newsletter&utm_medium=organico&utm_campaign=vol4&utm_content=newsletter004;a fazer;;;;;;
28;01/11/2026;4;F1;Vol.4 Energia;Pinterest;pin novo 1000x1500 (imagem nova);mães e pais;7 CORREÇÕES NO QUARTO;clique para o capítulo grátis;?utm_source=pinterest&utm_medium=organico&utm_campaign=vol4&utm_content=pinterest082;a fazer;;;;;;
28;01/11/2026;4;F1;Vol.4 Energia;Pinterest;pin novo 1000x1500 (imagem nova);concurseiros/ENEM;RASTREADOR DE 21 DIAS;clique para o capítulo grátis;?utm_source=pinterest&utm_medium=organico&utm_campaign=vol4&utm_content=pinterest083;a fazer;;;;;;
28;01/11/2026;4;F1;Vol.4 Energia;Pinterest;pin novo 1000x1500 (imagem nova);motoristas de app;10 MINUTOS DE LUZ;clique para o capítulo grátis;?utm_source=pinterest&utm_medium=organico&utm_campaign=vol4&utm_content=pinterest084;a fazer;;;;;;
29;02/11/2026;5;F1;Vol.1 IA;TikTok;vídeo curto 21-45s;RH/recrutamento;Quanto vale a SUA hora? Calculo em 15 s;comenta a palavra-chave do vídeo (isca na bio);?utm_source=tiktok&utm_medium=organico&utm_campaign=vol1&utm_content=tiktok025;a fazer;;;;;;
29;02/11/2026;5;F1;Vol.1 IA;Pinterest;pin novo 1000x1500 (imagem nova);professores;12 AUTOMAÇÕES SEM CÓDIGO;clique para o capítulo grátis;?utm_source=pinterest&utm_medium=organico&utm_campaign=vol1&utm_content=pinterest085;a fazer;;;;;;
29;02/11/2026;5;F1;Vol.1 IA;Pinterest;pin novo 1000x1500 (imagem nova);corretores;QUANTO COBRAR?;clique para o capítulo grátis;?utm_source=pinterest&utm_medium=organico&utm_campaign=vol1&utm_content=pinterest086;a fazer;;;;;;
29;02/11/2026;5;F1;Vol.1 IA;Pinterest;pin novo 1000x1500 (imagem nova);suporte/atendimento;200 PROMPTS POR PROFISSÃO;clique para o capítulo grátis;?utm_source=pinterest&utm_medium=organico&utm_campaign=vol1&utm_content=pinterest087;a fazer;;;;;;
30;03/11/2026;5;F1;Vol.2 Dívidas;Instagram Reels;vídeo curto 21-45s;famílias;A ordem certa: organizar, enxugar, negociar, quitar;salva + link da isca na bio;?utm_source=instagramreels&utm_medium=organico&utm_campaign=vol2&utm_content=instagram reels026;a fazer;;;;;;
30;03/11/2026;5;F1;Vol.2 Dívidas;Fórum/Comunidade;resposta útil 400-700 palavras;autônomos/motoristas;Como sair das dívidas sem empréstimo?;"sem link; perfil com a isca";?utm_source=fórum&utm_medium=organico&utm_campaign=vol2&utm_content=fórum009;a fazer;;;;;;
30;03/11/2026;5;F1;Vol.2 Dívidas;Pinterest;pin novo 1000x1500 (imagem nova);servidores;CALCULADORA DE PARCELA;clique para o capítulo grátis;?utm_source=pinterest&utm_medium=organico&utm_campaign=vol2&utm_content=pinterest088;a fazer;;;;;;
30;03/11/2026;5;F1;Vol.2 Dívidas;Pinterest;pin novo 1000x1500 (imagem nova);autônomos/motoristas;RAIO-X EM 2 HORAS;clique para o capítulo grátis;?utm_source=pinterest&utm_medium=organico&utm_campaign=vol2&utm_content=pinterest089;a fazer;;;;;;
30;03/11/2026;5;F1;Vol.2 Dívidas;Pinterest;pin novo 1000x1500 (imagem nova);famílias;15 SCRIPTS DE NEGOCIAÇÃO;clique para o capítulo grátis;?utm_source=pinterest&utm_medium=organico&utm_campaign=vol2&utm_content=pinterest090;a fazer;;;;;;
31;04/11/2026;5;F2;Vol.3 Airfryer;YouTube Shorts;vídeo curto 21-45s;marmita/trabalho;Congelei no domingo, na quarta estava igual;"inscreve; isca na descrição";?utm_source=youtubeshorts&utm_medium=organico&utm_campaign=vol3&utm_content=youtube shorts027;a fazer;;;;;;
31;04/11/2026;5;F2;Vol.3 Airfryer;TikTok;vídeo curto 21-45s (2ª peça);festas em casa;5 temperos que mudam qualquer proteína;comenta a palavra-chave do vídeo (isca na bio);?utm_source=tiktok&utm_medium=organico&utm_campaign=vol3&utm_content=tiktok028;a fazer;;;;;;
31;04/11/2026;5;F2;Vol.3 Airfryer;Fórum/Comunidade;resposta útil;quem mora sozinho;O que fazer na airfryer além de batata?;"sem link; perfil com a isca";?utm_source=fórum&utm_medium=organico&utm_campaign=vol3&utm_content=fórum010;a fazer;;;;;;
31;04/11/2026;5;F2;Vol.3 Airfryer;Pinterest;pin novo 1000x1500 (imagem nova);marmita/trabalho;TABELA DE TEMPERATURA;clique para o capítulo grátis;?utm_source=pinterest&utm_medium=organico&utm_campaign=vol3&utm_content=pinterest091;a fazer;;;;;;
31;04/11/2026;5;F2;Vol.3 Airfryer;Pinterest;pin novo 1000x1500 (imagem nova);festas em casa;R$ 25 PARA 3 PESSOAS;clique para o capítulo grátis;?utm_source=pinterest&utm_medium=organico&utm_campaign=vol3&utm_content=pinterest092;a fazer;;;;;;
31;04/11/2026;5;F2;Vol.3 Airfryer;Pinterest;pin novo 1000x1500 (imagem nova);orçamento apertado;2 LITROS: AJUSTE AQUI;clique para o capítulo grátis;?utm_source=pinterest&utm_medium=organico&utm_campaign=vol3&utm_content=pinterest093;a fazer;;;;;;
31;04/11/2026;5;F2;Vol.3 Airfryer;Pinterest;pin novo 1000x1500 (imagem nova);proteína (sem dieta);O QUE CONGELAR;clique para o capítulo grátis;?utm_source=pinterest&utm_medium=organico&utm_campaign=vol3&utm_content=pinterest094;a fazer;;;;;;
31;04/11/2026;5;F2;Vol.3 Airfryer;Pinterest;pin novo 1000x1500 (imagem nova);vegetarianos;CUSTO POR PORÇÃO;clique para o capítulo grátis;?utm_source=pinterest&utm_medium=organico&utm_campaign=vol3&utm_content=pinterest095;a fazer;;;;;;
32;05/11/2026;5;F2;Vol.4 Energia;TikTok;vídeo curto 21-45s;atletas amadores;Dia 21: o que muda na rotina;comenta a palavra-chave do vídeo (isca na bio);?utm_source=tiktok&utm_medium=organico&utm_campaign=vol4&utm_content=tiktok029;a fazer;;;;;;
32;05/11/2026;5;F2;Vol.4 Energia;Blog/Medium;artigo transacional;trabalho noturno;Primeira hora do dia: os 10 minutos de luz;CTA para a isca do livro;?utm_source=blog&utm_medium=organico&utm_campaign=vol4&utm_content=blog001;a fazer;;;;;;
32;05/11/2026;5;F2;Vol.4 Energia;Pinterest;pin novo 1000x1500 (imagem nova);enfermagem/plantão;10 MINUTOS DE LUZ;clique para o capítulo grátis;?utm_source=pinterest&utm_medium=organico&utm_campaign=vol4&utm_content=pinterest096;a fazer;;;;;;
32;05/11/2026;5;F2;Vol.4 Energia;Pinterest;pin novo 1000x1500 (imagem nova);trabalho noturno;3 TAREFAS DA ÚLTIMA HORA;clique para o capítulo grátis;?utm_source=pinterest&utm_medium=organico&utm_campaign=vol4&utm_content=pinterest097;a fazer;;;;;;
32;05/11/2026;5;F2;Vol.4 Energia;Pinterest;pin novo 1000x1500 (imagem nova);mães e pais;15 MINUTOS POR DIA;clique para o capítulo grátis;?utm_source=pinterest&utm_medium=organico&utm_campaign=vol4&utm_content=pinterest098;a fazer;;;;;;
32;05/11/2026;5;F2;Vol.4 Energia;Pinterest;pin novo 1000x1500 (imagem nova);concurseiros/ENEM;TRABALHA À NOITE?;clique para o capítulo grátis;?utm_source=pinterest&utm_medium=organico&utm_campaign=vol4&utm_content=pinterest099;a fazer;;;;;;
32;05/11/2026;5;F2;Vol.4 Energia;Pinterest;pin novo 1000x1500 (imagem nova);motoristas de app;7 CORREÇÕES NO QUARTO;clique para o capítulo grátis;?utm_source=pinterest&utm_medium=organico&utm_campaign=vol4&utm_content=pinterest100;a fazer;;;;;;
33;06/11/2026;5;F2;Vol.1 IA;Instagram Reels;vídeo curto 21-45s;corretores;Digitei isso e economizei 2 horas (leio o prompt);salva + link da isca na bio;?utm_source=instagramreels&utm_medium=organico&utm_campaign=vol1&utm_content=instagram reels030;a fazer;;;;;;
33;06/11/2026;5;F2;Vol.1 IA;YouTube Shorts;vídeo curto 21-45s (2ª peça);suporte/atendimento;Para de pedir 'me ajuda com isso' pra IA;"inscreve; isca na descrição";?utm_source=youtubeshorts&utm_medium=organico&utm_campaign=vol1&utm_content=youtube shorts031;a fazer;;;;;;
33;06/11/2026;5;F2;Vol.1 IA;Fórum/Comunidade;resposta útil;MEI/loja pequena;IA serve pra quê no trabalho de verdade?;"sem link; perfil com a isca";?utm_source=fórum&utm_medium=organico&utm_campaign=vol1&utm_content=fórum011;a fazer;;;;;;
33;06/11/2026;5;F2;Vol.1 IA;Pinterest;pin novo 1000x1500 (imagem nova);professores;4 MINUTOS NO LUGAR DE 3 HORAS;clique para o capítulo grátis;?utm_source=pinterest&utm_medium=organico&utm_campaign=vol1&utm_content=pinterest101;a fazer;;;;;;
33;06/11/2026;5;F2;Vol.1 IA;Pinterest;pin novo 1000x1500 (imagem nova);corretores;5 CAMPOS QUE FAZEM A IA TRABALHAR;clique para o capítulo grátis;?utm_source=pinterest&utm_medium=organico&utm_campaign=vol1&utm_content=pinterest102;a fazer;;;;;;
33;06/11/2026;5;F2;Vol.1 IA;Pinterest;pin novo 1000x1500 (imagem nova);suporte/atendimento;12 AUTOMAÇÕES SEM CÓDIGO;clique para o capítulo grátis;?utm_source=pinterest&utm_medium=organico&utm_campaign=vol1&utm_content=pinterest103;a fazer;;;;;;
33;06/11/2026;5;F2;Vol.1 IA;Pinterest;pin novo 1000x1500 (imagem nova);escritório/contabilidade;QUANTO COBRAR?;clique para o capítulo grátis;?utm_source=pinterest&utm_medium=organico&utm_campaign=vol1&utm_content=pinterest104;a fazer;;;;;;
33;06/11/2026;5;F2;Vol.1 IA;Pinterest;pin novo 1000x1500 (imagem nova);RH/recrutamento;200 PROMPTS POR PROFISSÃO;clique para o capítulo grátis;?utm_source=pinterest&utm_medium=organico&utm_campaign=vol1&utm_content=pinterest105;a fazer;;;;;;
34;07/11/2026;5;F2;Vol.2 Dívidas;YouTube Shorts;vídeo curto 21-45s;servidores;Esperar 6 meses custa mais que o acordo (a conta);"inscreve; isca na descrição";?utm_source=youtubeshorts&utm_medium=organico&utm_campaign=vol2&utm_content=youtube shorts032;a fazer;;;;;;
34;07/11/2026;5;F2;Vol.2 Dívidas;YouTube;vídeo longo 6-12 min;aposentados;Vídeo longo do Vol.2 Dívidas (ver arquivo 14, seção 2);isca na descrição + capítulo final;?utm_source=youtube&utm_medium=organico&utm_campaign=vol2&utm_content=youtube005;a fazer;;;;;;
34;07/11/2026;5;F2;Vol.2 Dívidas;Pinterest;pin novo 1000x1500 (imagem nova);famílias;CALCULADORA DE PARCELA;clique para o capítulo grátis;?utm_source=pinterest&utm_medium=organico&utm_campaign=vol2&utm_content=pinterest106;a fazer;;;;;;
34;07/11/2026;5;F2;Vol.2 Dívidas;Pinterest;pin novo 1000x1500 (imagem nova);jovens no 1º emprego;RAIO-X EM 2 HORAS;clique para o capítulo grátis;?utm_source=pinterest&utm_medium=organico&utm_campaign=vol2&utm_content=pinterest107;a fazer;;;;;;
34;07/11/2026;5;F2;Vol.2 Dívidas;Pinterest;pin novo 1000x1500 (imagem nova);estudantes/FIES;15 SCRIPTS DE NEGOCIAÇÃO;clique para o capítulo grátis;?utm_source=pinterest&utm_medium=organico&utm_campaign=vol2&utm_content=pinterest108;a fazer;;;;;;
34;07/11/2026;5;F2;Vol.2 Dívidas;Pinterest;pin novo 1000x1500 (imagem nova);aposentados;A ORDEM CERTA;clique para o capítulo grátis;?utm_source=pinterest&utm_medium=organico&utm_campaign=vol2&utm_content=pinterest109;a fazer;;;;;;
34;07/11/2026;5;F2;Vol.2 Dívidas;Pinterest;pin novo 1000x1500 (imagem nova);profissionais liberais;6 EXIGÊNCIAS POR ESCRITO;clique para o capítulo grátis;?utm_source=pinterest&utm_medium=organico&utm_campaign=vol2&utm_content=pinterest110;a fazer;;;;;;
35;08/11/2026;5;F2;Vol.3 Airfryer;TikTok;vídeo curto 21-45s;universitários/república;Quanto custou o prato de hoje?;comenta a palavra-chave do vídeo (isca na bio);?utm_source=tiktok&utm_medium=organico&utm_campaign=vol3&utm_content=tiktok033;a fazer;;;;;;
35;08/11/2026;5;F2;Vol.3 Airfryer;TikTok;vídeo curto 21-45s (2ª peça);quem mora sozinho;Airfryer de 2 litros: o erro é a quantidade;comenta a palavra-chave do vídeo (isca na bio);?utm_source=tiktok&utm_medium=organico&utm_campaign=vol3&utm_content=tiktok034;a fazer;;;;;;
35;08/11/2026;5;F2;Vol.3 Airfryer;Fórum/Comunidade;resposta útil;festas em casa;Jantar rápido para 4 pessoas?;"sem link; perfil com a isca";?utm_source=fórum&utm_medium=organico&utm_campaign=vol3&utm_content=fórum012;a fazer;;;;;;
35;08/11/2026;5;F2;Vol.3 Airfryer;Newsletter;1 ideia + 1 tarefa + 1 CTA;orçamento apertado;Custo por porção: o cálculo de 60 segundos;oferta R$ 47 (garantia de 7 dias);?utm_source=newsletter&utm_medium=organico&utm_campaign=vol3&utm_content=newsletter005;a fazer;;;;;;
35;08/11/2026;5;F2;Vol.3 Airfryer;Pinterest;pin novo 1000x1500 (imagem nova);vegetarianos;2 LITROS: AJUSTE AQUI;clique para o capítulo grátis;?utm_source=pinterest&utm_medium=organico&utm_campaign=vol3&utm_content=pinterest111;a fazer;;;;;;
35;08/11/2026;5;F2;Vol.3 Airfryer;Pinterest;pin novo 1000x1500 (imagem nova);famílias com crianças;O QUE CONGELAR;clique para o capítulo grátis;?utm_source=pinterest&utm_medium=organico&utm_campaign=vol3&utm_content=pinterest112;a fazer;;;;;;
35;08/11/2026;5;F2;Vol.3 Airfryer;Pinterest;pin novo 1000x1500 (imagem nova);universitários/república;CUSTO POR PORÇÃO;clique para o capítulo grátis;?utm_source=pinterest&utm_medium=organico&utm_campaign=vol3&utm_content=pinterest113;a fazer;;;;;;
35;08/11/2026;5;F2;Vol.3 Airfryer;Pinterest;pin novo 1000x1500 (imagem nova);quem mora sozinho;7 MARMITAS EM 90 MIN;clique para o capítulo grátis;?utm_source=pinterest&utm_medium=organico&utm_campaign=vol3&utm_content=pinterest114;a fazer;;;;;;
35;08/11/2026;5;F2;Vol.3 Airfryer;Pinterest;pin novo 1000x1500 (imagem nova);marmita/trabalho;TABELA DE TEMPERATURA;clique para o capítulo grátis;?utm_source=pinterest&utm_medium=organico&utm_campaign=vol3&utm_content=pinterest115;a fazer;;;;;;
36;09/11/2026;6;F2;Vol.4 Energia;TikTok;vídeo curto 21-45s;concurseiros/ENEM;Quarto escuro de verdade: 7 correções;comenta a palavra-chave do vídeo (isca na bio);?utm_source=tiktok&utm_medium=organico&utm_campaign=vol4&utm_content=tiktok035;a fazer;;;;;;
36;09/11/2026;6;F2;Vol.4 Energia;Instagram Reels;vídeo curto 21-45s (2ª peça);motoristas de app;Não dormiu bem? O plano das próximas 12 h;salva + link da isca na bio;?utm_source=instagramreels&utm_medium=organico&utm_campaign=vol4&utm_content=instagram reels036;a fazer;;;;;;
36;09/11/2026;6;F2;Vol.4 Energia;Fórum/Comunidade;resposta útil;atletas amadores;Como acordar sem 5 despertadores?;"sem link; perfil com a isca";?utm_source=fórum&utm_medium=organico&utm_campaign=vol4&utm_content=fórum013;a fazer;;;;;;
36;09/11/2026;6;F2;Vol.4 Energia;Pinterest;pin novo 1000x1500 (imagem nova);motoristas de app;15 MINUTOS POR DIA;clique para o capítulo grátis;?utm_source=pinterest&utm_medium=organico&utm_campaign=vol4&utm_content=pinterest116;a fazer;;;;;;
36;09/11/2026;6;F2;Vol.4 Energia;Pinterest;pin novo 1000x1500 (imagem nova);atletas amadores;TRABALHA À NOITE?;clique para o capítulo grátis;?utm_source=pinterest&utm_medium=organico&utm_campaign=vol4&utm_content=pinterest117;a fazer;;;;;;
36;09/11/2026;6;F2;Vol.4 Energia;Pinterest;pin novo 1000x1500 (imagem nova);freelancers;7 CORREÇÕES NO QUARTO;clique para o capítulo grátis;?utm_source=pinterest&utm_medium=organico&utm_campaign=vol4&utm_content=pinterest118;a fazer;;;;;;
36;09/11/2026;6;F2;Vol.4 Energia;Pinterest;pin novo 1000x1500 (imagem nova);viajantes/fuso;RASTREADOR DE 21 DIAS;clique para o capítulo grátis;?utm_source=pinterest&utm_medium=organico&utm_campaign=vol4&utm_content=pinterest119;a fazer;;;;;;
36;09/11/2026;6;F2;Vol.4 Energia;Pinterest;pin novo 1000x1500 (imagem nova);enfermagem/plantão;10 MINUTOS DE LUZ;clique para o capítulo grátis;?utm_source=pinterest&utm_medium=organico&utm_campaign=vol4&utm_content=pinterest120;a fazer;;;;;;
37;10/11/2026;6;F2;Vol.1 IA;Instagram Reels;vídeo curto 21-45s;professores;Tabela de preços: quanto cobrar com IA;salva + link da isca na bio;?utm_source=instagramreels&utm_medium=organico&utm_campaign=vol1&utm_content=instagram reels037;a fazer;;;;;;
37;10/11/2026;6;F2;Vol.1 IA;Blog/Medium;artigo transacional;freelancer/social media;Quanto cobrar por serviço de IA: tabela por profissão;CTA para a isca do livro;?utm_source=blog&utm_medium=organico&utm_campaign=vol1&utm_content=blog002;a fazer;;;;;;
37;10/11/2026;6;F2;Vol.1 IA;Pinterest;pin novo 1000x1500 (imagem nova);RH/recrutamento;12 AUTOMAÇÕES SEM CÓDIGO;clique para o capítulo grátis;?utm_source=pinterest&utm_medium=organico&utm_campaign=vol1&utm_content=pinterest121;a fazer;;;;;;
37;10/11/2026;6;F2;Vol.1 IA;Pinterest;pin novo 1000x1500 (imagem nova);freelancer/social media;QUANTO COBRAR?;clique para o capítulo grátis;?utm_source=pinterest&utm_medium=organico&utm_campaign=vol1&utm_content=pinterest122;a fazer;;;;;;
37;10/11/2026;6;F2;Vol.1 IA;Pinterest;pin novo 1000x1500 (imagem nova);MEI/loja pequena;200 PROMPTS POR PROFISSÃO;clique para o capítulo grátis;?utm_source=pinterest&utm_medium=organico&utm_campaign=vol1&utm_content=pinterest123;a fazer;;;;;;
37;10/11/2026;6;F2;Vol.1 IA;Pinterest;pin novo 1000x1500 (imagem nova);advocacia;QUANTO VALE SUA HORA?;clique para o capítulo grátis;?utm_source=pinterest&utm_medium=organico&utm_campaign=vol1&utm_content=pinterest124;a fazer;;;;;;
37;10/11/2026;6;F2;Vol.1 IA;Pinterest;pin novo 1000x1500 (imagem nova);professores;4 MINUTOS NO LUGAR DE 3 HORAS;clique para o capítulo grátis;?utm_source=pinterest&utm_medium=organico&utm_campaign=vol1&utm_content=pinterest125;a fazer;;;;;;
38;11/11/2026;6;F2;Vol.2 Dívidas;YouTube Shorts;vídeo curto 21-45s;profissionais liberais;Se aceitar o acordo errado, a dívida volta;"inscreve; isca na descrição";?utm_source=youtubeshorts&utm_medium=organico&utm_campaign=vol2&utm_content=youtube shorts038;a fazer;;;;;;
38;11/11/2026;6;F2;Vol.2 Dívidas;TikTok;vídeo curto 21-45s (2ª peça);CLT;Cobrança todo dia? Obra pela ordem;comenta a palavra-chave do vídeo (isca na bio);?utm_source=tiktok&utm_medium=organico&utm_campaign=vol2&utm_content=tiktok039;a fazer;;;;;;
38;11/11/2026;6;F2;Vol.2 Dívidas;Fórum/Comunidade;resposta útil;profissionais liberais;Como sair das dívidas sem empréstimo?;"sem link; perfil com a isca";?utm_source=fórum&utm_medium=organico&utm_campaign=vol2&utm_content=fórum014;a fazer;;;;;;
38;11/11/2026;6;F2;Vol.2 Dívidas;Pinterest;pin novo 1000x1500 (imagem nova);profissionais liberais;15 SCRIPTS DE NEGOCIAÇÃO;clique para o capítulo grátis;?utm_source=pinterest&utm_medium=organico&utm_campaign=vol2&utm_content=pinterest126;a fazer;;;;;;
38;11/11/2026;6;F2;Vol.2 Dívidas;Pinterest;pin novo 1000x1500 (imagem nova);CLT;A ORDEM CERTA;clique para o capítulo grátis;?utm_source=pinterest&utm_medium=organico&utm_campaign=vol2&utm_content=pinterest127;a fazer;;;;;;
38;11/11/2026;6;F2;Vol.2 Dívidas;Pinterest;pin novo 1000x1500 (imagem nova);servidores;6 EXIGÊNCIAS POR ESCRITO;clique para o capítulo grátis;?utm_source=pinterest&utm_medium=organico&utm_campaign=vol2&utm_content=pinterest128;a fazer;;;;;;
38;11/11/2026;6;F2;Vol.2 Dívidas;Pinterest;pin novo 1000x1500 (imagem nova);autônomos/motoristas;12 CORTES NO ORÇAMENTO;clique para o capítulo grátis;?utm_source=pinterest&utm_medium=organico&utm_campaign=vol2&utm_content=pinterest129;a fazer;;;;;;
38;11/11/2026;6;F2;Vol.2 Dívidas;Pinterest;pin novo 1000x1500 (imagem nova);famílias;CALCULADORA DE PARCELA;clique para o capítulo grátis;?utm_source=pinterest&utm_medium=organico&utm_campaign=vol2&utm_content=pinterest130;a fazer;;;;;;
39;12/11/2026;6;F2;Vol.3 Airfryer;TikTok;vídeo curto 21-45s;famílias com crianças;Jantar para 3 por menos de R$ 25;comenta a palavra-chave do vídeo (isca na bio);?utm_source=tiktok&utm_medium=organico&utm_campaign=vol3&utm_content=tiktok040;a fazer;;;;;;
39;12/11/2026;6;F2;Vol.3 Airfryer;Blog/Medium;artigo transacional;marmita/trabalho;Custo por porção: o preço do seu prato;CTA para a isca do livro;?utm_source=blog&utm_medium=organico&utm_campaign=vol3&utm_content=blog003;a fazer;;;;;;
39;12/11/2026;6;F2;Vol.3 Airfryer;Pinterest;pin novo 1000x1500 (imagem nova);marmita/trabalho;CUSTO POR PORÇÃO;clique para o capítulo grátis;?utm_source=pinterest&utm_medium=organico&utm_campaign=vol3&utm_content=pinterest131;a fazer;;;;;;
39;12/11/2026;6;F2;Vol.3 Airfryer;Pinterest;pin novo 1000x1500 (imagem nova);festas em casa;7 MARMITAS EM 90 MIN;clique para o capítulo grátis;?utm_source=pinterest&utm_medium=organico&utm_campaign=vol3&utm_content=pinterest132;a fazer;;;;;;
39;12/11/2026;6;F2;Vol.3 Airfryer;Pinterest;pin novo 1000x1500 (imagem nova);orçamento apertado;TABELA DE TEMPERATURA;clique para o capítulo grátis;?utm_source=pinterest&utm_medium=organico&utm_campaign=vol3&utm_content=pinterest133;a fazer;;;;;;
39;12/11/2026;6;F2;Vol.3 Airfryer;Pinterest;pin novo 1000x1500 (imagem nova);proteína (sem dieta);R$ 25 PARA 3 PESSOAS;clique para o capítulo grátis;?utm_source=pinterest&utm_medium=organico&utm_campaign=vol3&utm_content=pinterest134;a fazer;;;;;;
39;12/11/2026;6;F2;Vol.3 Airfryer;Pinterest;pin novo 1000x1500 (imagem nova);vegetarianos;2 LITROS: AJUSTE AQUI;clique para o capítulo grátis;?utm_source=pinterest&utm_medium=organico&utm_campaign=vol3&utm_content=pinterest135;a fazer;;;;;;
40;13/11/2026;6;F2;Vol.4 Energia;Instagram Reels;vídeo curto 21-45s;trabalho noturno;Café às 16h: faz a conta;salva + link da isca na bio;?utm_source=instagramreels&utm_medium=organico&utm_campaign=vol4&utm_content=instagram reels041;a fazer;;;;;;
40;13/11/2026;6;F2;Vol.4 Energia;YouTube Shorts;vídeo curto 21-45s (2ª peça);mães e pais;Acordei 4 min antes do despertador no dia 9;"inscreve; isca na descrição";?utm_source=youtubeshorts&utm_medium=organico&utm_campaign=vol4&utm_content=youtube shorts042;a fazer;;;;;;
40;13/11/2026;6;F2;Vol.4 Energia;Fórum/Comunidade;resposta útil;viajantes/fuso;Como virar o dia depois da escala?;"sem link; perfil com a isca";?utm_source=fórum&utm_medium=organico&utm_campaign=vol4&utm_content=fórum015;a fazer;;;;;;
40;13/11/2026;6;F2;Vol.4 Energia;Pinterest;pin novo 1000x1500 (imagem nova);enfermagem/plantão;7 CORREÇÕES NO QUARTO;clique para o capítulo grátis;?utm_source=pinterest&utm_medium=organico&utm_campaign=vol4&utm_content=pinterest136;a fazer;;;;;;
40;13/11/2026;6;F2;Vol.4 Energia;Pinterest;pin novo 1000x1500 (imagem nova);trabalho noturno;RASTREADOR DE 21 DIAS;clique para o capítulo grátis;?utm_source=pinterest&utm_medium=organico&utm_campaign=vol4&utm_content=pinterest137;a fazer;;;;;;
40;13/11/2026;6;F2;Vol.4 Energia;Pinterest;pin novo 1000x1500 (imagem nova);mães e pais;10 MINUTOS DE LUZ;clique para o capítulo grátis;?utm_source=pinterest&utm_medium=organico&utm_campaign=vol4&utm_content=pinterest138;a fazer;;;;;;
40;13/11/2026;6;F2;Vol.4 Energia;Pinterest;pin novo 1000x1500 (imagem nova);concurseiros/ENEM;3 TAREFAS DA ÚLTIMA HORA;clique para o capítulo grátis;?utm_source=pinterest&utm_medium=organico&utm_campaign=vol4&utm_content=pinterest139;a fazer;;;;;;
40;13/11/2026;6;F2;Vol.4 Energia;Pinterest;pin novo 1000x1500 (imagem nova);motoristas de app;15 MINUTOS POR DIA;clique para o capítulo grátis;?utm_source=pinterest&utm_medium=organico&utm_campaign=vol4&utm_content=pinterest140;a fazer;;;;;;
41;14/11/2026;6;F2;Vol.1 IA;YouTube Shorts;vídeo curto 21-45s;MEI/loja pequena;3 prompts que eu cobraria R$ 300;"inscreve; isca na descrição";?utm_source=youtubeshorts&utm_medium=organico&utm_campaign=vol1&utm_content=youtube shorts043;a fazer;;;;;;
41;14/11/2026;6;F2;Vol.1 IA;YouTube;vídeo longo 6-12 min;corretores;Vídeo longo do Vol.1 IA (ver arquivo 14, seção 2);isca na descrição + capítulo final;?utm_source=youtube&utm_medium=organico&utm_campaign=vol1&utm_content=youtube006;a fazer;;;;;;
41;14/11/2026;6;F2;Vol.1 IA;Pinterest;pin novo 1000x1500 (imagem nova);professores;200 PROMPTS POR PROFISSÃO;clique para o capítulo grátis;?utm_source=pinterest&utm_medium=organico&utm_campaign=vol1&utm_content=pinterest141;a fazer;;;;;;
41;14/11/2026;6;F2;Vol.1 IA;Pinterest;pin novo 1000x1500 (imagem nova);corretores;QUANTO VALE SUA HORA?;clique para o capítulo grátis;?utm_source=pinterest&utm_medium=organico&utm_campaign=vol1&utm_content=pinterest142;a fazer;;;;;;
41;14/11/2026;6;F2;Vol.1 IA;Pinterest;pin novo 1000x1500 (imagem nova);suporte/atendimento;4 MINUTOS NO LUGAR DE 3 HORAS;clique para o capítulo grátis;?utm_source=pinterest&utm_medium=organico&utm_campaign=vol1&utm_content=pinterest143;a fazer;;;;;;
41;14/11/2026;6;F2;Vol.1 IA;Pinterest;pin novo 1000x1500 (imagem nova);escritório/contabilidade;5 CAMPOS QUE FAZEM A IA TRABALHAR;clique para o capítulo grátis;?utm_source=pinterest&utm_medium=organico&utm_campaign=vol1&utm_content=pinterest144;a fazer;;;;;;
41;14/11/2026;6;F2;Vol.1 IA;Pinterest;pin novo 1000x1500 (imagem nova);RH/recrutamento;12 AUTOMAÇÕES SEM CÓDIGO;clique para o capítulo grátis;?utm_source=pinterest&utm_medium=organico&utm_campaign=vol1&utm_content=pinterest145;a fazer;;;;;;
42;15/11/2026;6;F2;Vol.2 Dívidas;TikTok;vídeo curto 21-45s;estudantes/FIES;3 coisas para exigir por escrito;comenta a palavra-chave do vídeo (isca na bio);?utm_source=tiktok&utm_medium=organico&utm_campaign=vol2&utm_content=tiktok044;a fazer;;;;;;
42;15/11/2026;6;F2;Vol.2 Dívidas;TikTok;vídeo curto 21-45s (2ª peça);aposentados;Nome negativado tem prazo: você sabe qual?;comenta a palavra-chave do vídeo (isca na bio);?utm_source=tiktok&utm_medium=organico&utm_campaign=vol2&utm_content=tiktok045;a fazer;;;;;;
42;15/11/2026;6;F2;Vol.2 Dívidas;Fórum/Comunidade;resposta útil;servidores;Banco ofereceu acordo: aceito?;"sem link; perfil com a isca";?utm_source=fórum&utm_medium=organico&utm_campaign=vol2&utm_content=fórum016;a fazer;;;;;;
42;15/11/2026;6;F2;Vol.2 Dívidas;Newsletter;1 ideia + 1 tarefa + 1 CTA;profissionais liberais;Descubra o número que você está evitando;oferta R$ 47 (garantia de 7 dias);?utm_source=newsletter&utm_medium=organico&utm_campaign=vol2&utm_content=newsletter006;a fazer;;;;;;
42;15/11/2026;6;F2;Vol.2 Dívidas;Pinterest;pin novo 1000x1500 (imagem nova);famílias;6 EXIGÊNCIAS POR ESCRITO;clique para o capítulo grátis;?utm_source=pinterest&utm_medium=organico&utm_campaign=vol2&utm_content=pinterest146;a fazer;;;;;;
42;15/11/2026;6;F2;Vol.2 Dívidas;Pinterest;pin novo 1000x1500 (imagem nova);jovens no 1º emprego;12 CORTES NO ORÇAMENTO;clique para o capítulo grátis;?utm_source=pinterest&utm_medium=organico&utm_campaign=vol2&utm_content=pinterest147;a fazer;;;;;;
42;15/11/2026;6;F2;Vol.2 Dívidas;Pinterest;pin novo 1000x1500 (imagem nova);estudantes/FIES;CALCULADORA DE PARCELA;clique para o capítulo grátis;?utm_source=pinterest&utm_medium=organico&utm_campaign=vol2&utm_content=pinterest148;a fazer;;;;;;
42;15/11/2026;6;F2;Vol.2 Dívidas;Pinterest;pin novo 1000x1500 (imagem nova);aposentados;RAIO-X EM 2 HORAS;clique para o capítulo grátis;?utm_source=pinterest&utm_medium=organico&utm_campaign=vol2&utm_content=pinterest149;a fazer;;;;;;
42;15/11/2026;6;F2;Vol.2 Dívidas;Pinterest;pin novo 1000x1500 (imagem nova);profissionais liberais;15 SCRIPTS DE NEGOCIAÇÃO;clique para o capítulo grátis;?utm_source=pinterest&utm_medium=organico&utm_campaign=vol2&utm_content=pinterest150;a fazer;;;;;;
43;16/11/2026;7;F2;Vol.3 Airfryer;TikTok;vídeo curto 21-45s;proteína (sem dieta);20 minutos, 5 ingredientes, sem louça;comenta a palavra-chave do vídeo (isca na bio);?utm_source=tiktok&utm_medium=organico&utm_campaign=vol3&utm_content=tiktok046;a fazer;;;;;;
43;16/11/2026;7;F2;Vol.3 Airfryer;Instagram Reels;vídeo curto 21-45s (2ª peça);vegetarianos;Congelei no domingo, na quarta estava igual;salva + link da isca na bio;?utm_source=instagramreels&utm_medium=organico&utm_campaign=vol3&utm_content=instagram reels047;a fazer;;;;;;
43;16/11/2026;7;F2;Vol.3 Airfryer;Fórum/Comunidade;resposta útil;universitários/república;Jantar rápido para 4 pessoas?;"sem link; perfil com a isca";?utm_source=fórum&utm_medium=organico&utm_campaign=vol3&utm_content=fórum017;a fazer;;;;;;
43;16/11/2026;7;F2;Vol.3 Airfryer;Pinterest;pin novo 1000x1500 (imagem nova);vegetarianos;TABELA DE TEMPERATURA;clique para o capítulo grátis;?utm_source=pinterest&utm_medium=organico&utm_campaign=vol3&utm_content=pinterest151;a fazer;;;;;;
43;16/11/2026;7;F2;Vol.3 Airfryer;Pinterest;pin novo 1000x1500 (imagem nova);famílias com crianças;R$ 25 PARA 3 PESSOAS;clique para o capítulo grátis;?utm_source=pinterest&utm_medium=organico&utm_campaign=vol3&utm_content=pinterest152;a fazer;;;;;;
43;16/11/2026;7;F2;Vol.3 Airfryer;Pinterest;pin novo 1000x1500 (imagem nova);universitários/república;2 LITROS: AJUSTE AQUI;clique para o capítulo grátis;?utm_source=pinterest&utm_medium=organico&utm_campaign=vol3&utm_content=pinterest153;a fazer;;;;;;
43;16/11/2026;7;F2;Vol.3 Airfryer;Pinterest;pin novo 1000x1500 (imagem nova);quem mora sozinho;O QUE CONGELAR;clique para o capítulo grátis;?utm_source=pinterest&utm_medium=organico&utm_campaign=vol3&utm_content=pinterest154;a fazer;;;;;;
43;16/11/2026;7;F2;Vol.3 Airfryer;Pinterest;pin novo 1000x1500 (imagem nova);marmita/trabalho;CUSTO POR PORÇÃO;clique para o capítulo grátis;?utm_source=pinterest&utm_medium=organico&utm_campaign=vol3&utm_content=pinterest155;a fazer;;;;;;
44;17/11/2026;7;F2;Vol.4 Energia;Instagram Reels;vídeo curto 21-45s;enfermagem/plantão;Os 3 blocos do dia: difícil, recuperação, fechamento;salva + link da isca na bio;?utm_source=instagramreels&utm_medium=organico&utm_campaign=vol4&utm_content=instagram reels048;a fazer;;;;;;
44;17/11/2026;7;F2;Vol.4 Energia;Blog/Medium;artigo transacional;motoristas de app;Rastreador de 21 dias: como preencher e ler;CTA para a isca do livro;?utm_source=blog&utm_medium=organico&utm_campaign=vol4&utm_content=blog004;a fazer;;;;;;
44;17/11/2026;7;F2;Vol.4 Energia;Pinterest;pin novo 1000x1500 (imagem nova);motoristas de app;10 MINUTOS DE LUZ;clique para o capítulo grátis;?utm_source=pinterest&utm_medium=organico&utm_campaign=vol4&utm_content=pinterest156;a fazer;;;;;;
44;17/11/2026;7;F2;Vol.4 Energia;Pinterest;pin novo 1000x1500 (imagem nova);atletas amadores;3 TAREFAS DA ÚLTIMA HORA;clique para o capítulo grátis;?utm_source=pinterest&utm_medium=organico&utm_campaign=vol4&utm_content=pinterest157;a fazer;;;;;;
44;17/11/2026;7;F2;Vol.4 Energia;Pinterest;pin novo 1000x1500 (imagem nova);freelancers;15 MINUTOS POR DIA;clique para o capítulo grátis;?utm_source=pinterest&utm_medium=organico&utm_campaign=vol4&utm_content=pinterest158;a fazer;;;;;;
44;17/11/2026;7;F2;Vol.4 Energia;Pinterest;pin novo 1000x1500 (imagem nova);viajantes/fuso;TRABALHA À NOITE?;clique para o capítulo grátis;?utm_source=pinterest&utm_medium=organico&utm_campaign=vol4&utm_content=pinterest159;a fazer;;;;;;
44;17/11/2026;7;F2;Vol.4 Energia;Pinterest;pin novo 1000x1500 (imagem nova);enfermagem/plantão;7 CORREÇÕES NO QUARTO;clique para o capítulo grátis;?utm_source=pinterest&utm_medium=organico&utm_campaign=vol4&utm_content=pinterest160;a fazer;;;;;;
45;18/11/2026;7;F2;Vol.1 IA;YouTube Shorts;vídeo curto 21-45s;RH/recrutamento;Fiz em 4 min o que levava 3 horas;"inscreve; isca na descrição";?utm_source=youtubeshorts&utm_medium=organico&utm_campaign=vol1&utm_content=youtube shorts049;a fazer;;;;;;
45;18/11/2026;7;F2;Vol.1 IA;TikTok;vídeo curto 21-45s (2ª peça);freelancer/social media;Digitei isso e economizei 2 horas (leio o prompt);comenta a palavra-chave do vídeo (isca na bio);?utm_source=tiktok&utm_medium=organico&utm_campaign=vol1&utm_content=tiktok050;a fazer;;;;;;
45;18/11/2026;7;F2;Vol.1 IA;Fórum/Comunidade;resposta útil;freelancer/social media;Como ganhar tempo no escritório?;"sem link; perfil com a isca";?utm_source=fórum&utm_medium=organico&utm_campaign=vol1&utm_content=fórum018;a fazer;;;;;;
45;18/11/2026;7;F2;Vol.1 IA;Pinterest;pin novo 1000x1500 (imagem nova);RH/recrutamento;4 MINUTOS NO LUGAR DE 3 HORAS;clique para o capítulo grátis;?utm_source=pinterest&utm_medium=organico&utm_campaign=vol1&utm_content=pinterest161;a fazer;;;;;;
45;18/11/2026;7;F2;Vol.1 IA;Pinterest;pin novo 1000x1500 (imagem nova);freelancer/social media;5 CAMPOS QUE FAZEM A IA TRABALHAR;clique para o capítulo grátis;?utm_source=pinterest&utm_medium=organico&utm_campaign=vol1&utm_content=pinterest162;a fazer;;;;;;
45;18/11/2026;7;F2;Vol.1 IA;Pinterest;pin novo 1000x1500 (imagem nova);MEI/loja pequena;12 AUTOMAÇÕES SEM CÓDIGO;clique para o capítulo grátis;?utm_source=pinterest&utm_medium=organico&utm_campaign=vol1&utm_content=pinterest163;a fazer;;;;;;
45;18/11/2026;7;F2;Vol.1 IA;Pinterest;pin novo 1000x1500 (imagem nova);advocacia;QUANTO COBRAR?;clique para o capítulo grátis;?utm_source=pinterest&utm_medium=organico&utm_campaign=vol1&utm_content=pinterest164;a fazer;;;;;;
45;18/11/2026;7;F2;Vol.1 IA;Pinterest;pin novo 1000x1500 (imagem nova);professores;200 PROMPTS POR PROFISSÃO;clique para o capítulo grátis;?utm_source=pinterest&utm_medium=organico&utm_campaign=vol1&utm_content=pinterest165;a fazer;;;;;;
46;19/11/2026;7;F2;Vol.2 Dívidas;TikTok;vídeo curto 21-45s;jovens no 1º emprego;Nunca fale ISSO numa negociação;comenta a palavra-chave do vídeo (isca na bio);?utm_source=tiktok&utm_medium=organico&utm_campaign=vol2&utm_content=tiktok051;a fazer;;;;;;
46;19/11/2026;7;F2;Vol.2 Dívidas;Blog/Medium;artigo transacional;aposentados;Cobrança abusiva: o que a lei diz;CTA para a isca do livro;?utm_source=blog&utm_medium=organico&utm_campaign=vol2&utm_content=blog005;a fazer;;;;;;
46;19/11/2026;7;F2;Vol.2 Dívidas;Pinterest;pin novo 1000x1500 (imagem nova);profissionais liberais;CALCULADORA DE PARCELA;clique para o capítulo grátis;?utm_source=pinterest&utm_medium=organico&utm_campaign=vol2&utm_content=pinterest166;a fazer;;;;;;
46;19/11/2026;7;F2;Vol.2 Dívidas;Pinterest;pin novo 1000x1500 (imagem nova);CLT;RAIO-X EM 2 HORAS;clique para o capítulo grátis;?utm_source=pinterest&utm_medium=organico&utm_campaign=vol2&utm_content=pinterest167;a fazer;;;;;;
46;19/11/2026;7;F2;Vol.2 Dívidas;Pinterest;pin novo 1000x1500 (imagem nova);servidores;15 SCRIPTS DE NEGOCIAÇÃO;clique para o capítulo grátis;?utm_source=pinterest&utm_medium=organico&utm_campaign=vol2&utm_content=pinterest168;a fazer;;;;;;
46;19/11/2026;7;F2;Vol.2 Dívidas;Pinterest;pin novo 1000x1500 (imagem nova);autônomos/motoristas;A ORDEM CERTA;clique para o capítulo grátis;?utm_source=pinterest&utm_medium=organico&utm_campaign=vol2&utm_content=pinterest169;a fazer;;;;;;
46;19/11/2026;7;F2;Vol.2 Dívidas;Pinterest;pin novo 1000x1500 (imagem nova);famílias;6 EXIGÊNCIAS POR ESCRITO;clique para o capítulo grátis;?utm_source=pinterest&utm_medium=organico&utm_campaign=vol2&utm_content=pinterest170;a fazer;;;;;;
47;20/11/2026;7;F2;Vol.3 Airfryer;Instagram Reels;vídeo curto 21-45s;festas em casa;7 marmitas em 90 minutos (a ordem);salva + link da isca na bio;?utm_source=instagramreels&utm_medium=organico&utm_campaign=vol3&utm_content=instagram reels052;a fazer;;;;;;
47;20/11/2026;7;F2;Vol.3 Airfryer;YouTube Shorts;vídeo curto 21-45s (2ª peça);orçamento apertado;Quanto custou o prato de hoje?;"inscreve; isca na descrição";?utm_source=youtubeshorts&utm_medium=organico&utm_campaign=vol3&utm_content=youtube shorts053;a fazer;;;;;;
47;20/11/2026;7;F2;Vol.3 Airfryer;Fórum/Comunidade;resposta útil;marmita/trabalho;Comida barata para república?;"sem link; perfil com a isca";?utm_source=fórum&utm_medium=organico&utm_campaign=vol3&utm_content=fórum019;a fazer;;;;;;
47;20/11/2026;7;F2;Vol.3 Airfryer;Pinterest;pin novo 1000x1500 (imagem nova);marmita/trabalho;2 LITROS: AJUSTE AQUI;clique para o capítulo grátis;?utm_source=pinterest&utm_medium=organico&utm_campaign=vol3&utm_content=pinterest171;a fazer;;;;;;
47;20/11/2026;7;F2;Vol.3 Airfryer;Pinterest;pin novo 1000x1500 (imagem nova);festas em casa;O QUE CONGELAR;clique para o capítulo grátis;?utm_source=pinterest&utm_medium=organico&utm_campaign=vol3&utm_content=pinterest172;a fazer;;;;;;
47;20/11/2026;7;F2;Vol.3 Airfryer;Pinterest;pin novo 1000x1500 (imagem nova);orçamento apertado;CUSTO POR PORÇÃO;clique para o capítulo grátis;?utm_source=pinterest&utm_medium=organico&utm_campaign=vol3&utm_content=pinterest173;a fazer;;;;;;
47;20/11/2026;7;F2;Vol.3 Airfryer;Pinterest;pin novo 1000x1500 (imagem nova);proteína (sem dieta);7 MARMITAS EM 90 MIN;clique para o capítulo grátis;?utm_source=pinterest&utm_medium=organico&utm_campaign=vol3&utm_content=pinterest174;a fazer;;;;;;
47;20/11/2026;7;F2;Vol.3 Airfryer;Pinterest;pin novo 1000x1500 (imagem nova);vegetarianos;TABELA DE TEMPERATURA;clique para o capítulo grátis;?utm_source=pinterest&utm_medium=organico&utm_campaign=vol3&utm_content=pinterest175;a fazer;;;;;;
48;21/11/2026;7;F2;Vol.4 Energia;YouTube Shorts;vídeo curto 21-45s;freelancers;Trabalha à noite ou em escala? Essa trilha é sua;"inscreve; isca na descrição";?utm_source=youtubeshorts&utm_medium=organico&utm_campaign=vol4&utm_content=youtube shorts054;a fazer;;;;;;
48;21/11/2026;7;F2;Vol.4 Energia;YouTube;vídeo longo 6-12 min;viajantes/fuso;Vídeo longo do Vol.4 Energia (ver arquivo 14, seção 2);isca na descrição + capítulo final;?utm_source=youtube&utm_medium=organico&utm_campaign=vol4&utm_content=youtube007;a fazer;;;;;;
48;21/11/2026;7;F2;Vol.4 Energia;Pinterest;pin novo 1000x1500 (imagem nova);enfermagem/plantão;15 MINUTOS POR DIA;clique para o capítulo grátis;?utm_source=pinterest&utm_medium=organico&utm_campaign=vol4&utm_content=pinterest176;a fazer;;;;;;
48;21/11/2026;7;F2;Vol.4 Energia;Pinterest;pin novo 1000x1500 (imagem nova);trabalho noturno;TRABALHA À NOITE?;clique para o capítulo grátis;?utm_source=pinterest&utm_medium=organico&utm_campaign=vol4&utm_content=pinterest177;a fazer;;;;;;
48;21/11/2026;7;F2;Vol.4 Energia;Pinterest;pin novo 1000x1500 (imagem nova);mães e pais;7 CORREÇÕES NO QUARTO;clique para o capítulo grátis;?utm_source=pinterest&utm_medium=organico&utm_campaign=vol4&utm_content=pinterest178;a fazer;;;;;;
48;21/11/2026;7;F2;Vol.4 Energia;Pinterest;pin novo 1000x1500 (imagem nova);concurseiros/ENEM;RASTREADOR DE 21 DIAS;clique para o capítulo grátis;?utm_source=pinterest&utm_medium=organico&utm_campaign=vol4&utm_content=pinterest179;a fazer;;;;;;
48;21/11/2026;7;F2;Vol.4 Energia;Pinterest;pin novo 1000x1500 (imagem nova);motoristas de app;10 MINUTOS DE LUZ;clique para o capítulo grátis;?utm_source=pinterest&utm_medium=organico&utm_campaign=vol4&utm_content=pinterest180;a fazer;;;;;;
49;22/11/2026;7;F2;Vol.1 IA;TikTok;vídeo curto 21-45s;suporte/atendimento;Quanto vale a SUA hora? Calculo em 15 s;comenta a palavra-chave do vídeo (isca na bio);?utm_source=tiktok&utm_medium=organico&utm_campaign=vol1&utm_content=tiktok055;a fazer;;;;;;
49;22/11/2026;7;F2;Vol.1 IA;TikTok;vídeo curto 21-45s (2ª peça);escritório/contabilidade;Automação sem código: 4 passos;comenta a palavra-chave do vídeo (isca na bio);?utm_source=tiktok&utm_medium=organico&utm_campaign=vol1&utm_content=tiktok056;a fazer;;;;;;
49;22/11/2026;7;F2;Vol.1 IA;Fórum/Comunidade;resposta útil;advocacia;Como acelerar o fechamento mensal?;"sem link; perfil com a isca";?utm_source=fórum&utm_medium=organico&utm_campaign=vol1&utm_content=fórum020;a fazer;;;;;;
49;22/11/2026;7;F2;Vol.1 IA;Newsletter;1 ideia + 1 tarefa + 1 CTA;suporte/atendimento;12 automações: escolha a sua primeira;oferta R$ 47 (garantia de 7 dias);?utm_source=newsletter&utm_medium=organico&utm_campaign=vol1&utm_content=newsletter007;a fazer;;;;;;
49;22/11/2026;7;F2;Vol.1 IA;Pinterest;pin novo 1000x1500 (imagem nova);professores;12 AUTOMAÇÕES SEM CÓDIGO;clique para o capítulo grátis;?utm_source=pinterest&utm_medium=organico&utm_campaign=vol1&utm_content=pinterest181;a fazer;;;;;;
49;22/11/2026;7;F2;Vol.1 IA;Pinterest;pin novo 1000x1500 (imagem nova);corretores;QUANTO COBRAR?;clique para o capítulo grátis;?utm_source=pinterest&utm_medium=organico&utm_campaign=vol1&utm_content=pinterest182;a fazer;;;;;;
49;22/11/2026;7;F2;Vol.1 IA;Pinterest;pin novo 1000x1500 (imagem nova);suporte/atendimento;200 PROMPTS POR PROFISSÃO;clique para o capítulo grátis;?utm_source=pinterest&utm_medium=organico&utm_campaign=vol1&utm_content=pinterest183;a fazer;;;;;;
49;22/11/2026;7;F2;Vol.1 IA;Pinterest;pin novo 1000x1500 (imagem nova);escritório/contabilidade;QUANTO VALE SUA HORA?;clique para o capítulo grátis;?utm_source=pinterest&utm_medium=organico&utm_campaign=vol1&utm_content=pinterest184;a fazer;;;;;;
49;22/11/2026;7;F2;Vol.1 IA;Pinterest;pin novo 1000x1500 (imagem nova);RH/recrutamento;4 MINUTOS NO LUGAR DE 3 HORAS;clique para o capítulo grátis;?utm_source=pinterest&utm_medium=organico&utm_campaign=vol1&utm_content=pinterest185;a fazer;;;;;;
50;23/11/2026;8;F2;Vol.2 Dívidas;TikTok;vídeo curto 21-45s;autônomos/motoristas;Rotativo x acordo: a conta do mês;comenta a palavra-chave do vídeo (isca na bio);?utm_source=tiktok&utm_medium=organico&utm_campaign=vol2&utm_content=tiktok057;a fazer;;;;;;
50;23/11/2026;8;F2;Vol.2 Dívidas;Instagram Reels;vídeo curto 21-45s (2ª peça);famílias;Se aceitar o acordo errado, a dívida volta;salva + link da isca na bio;?utm_source=instagramreels&utm_medium=organico&utm_campaign=vol2&utm_content=instagram reels058;a fazer;;;;;;
50;23/11/2026;8;F2;Vol.2 Dívidas;Fórum/Comunidade;resposta útil;aposentados;Banco ofereceu acordo: aceito?;"sem link; perfil com a isca";?utm_source=fórum&utm_medium=organico&utm_campaign=vol2&utm_content=fórum021;a fazer;;;;;;
50;23/11/2026;8;F2;Vol.2 Dívidas;Pinterest;pin novo 1000x1500 (imagem nova);famílias;15 SCRIPTS DE NEGOCIAÇÃO;clique para o capítulo grátis;?utm_source=pinterest&utm_medium=organico&utm_campaign=vol2&utm_content=pinterest186;a fazer;;;;;;
50;23/11/2026;8;F2;Vol.2 Dívidas;Pinterest;pin novo 1000x1500 (imagem nova);jovens no 1º emprego;A ORDEM CERTA;clique para o capítulo grátis;?utm_source=pinterest&utm_medium=organico&utm_campaign=vol2&utm_content=pinterest187;a fazer;;;;;;
50;23/11/2026;8;F2;Vol.2 Dívidas;Pinterest;pin novo 1000x1500 (imagem nova);estudantes/FIES;6 EXIGÊNCIAS POR ESCRITO;clique para o capítulo grátis;?utm_source=pinterest&utm_medium=organico&utm_campaign=vol2&utm_content=pinterest188;a fazer;;;;;;
50;23/11/2026;8;F2;Vol.2 Dívidas;Pinterest;pin novo 1000x1500 (imagem nova);aposentados;12 CORTES NO ORÇAMENTO;clique para o capítulo grátis;?utm_source=pinterest&utm_medium=organico&utm_campaign=vol2&utm_content=pinterest189;a fazer;;;;;;
50;23/11/2026;8;F2;Vol.2 Dívidas;Pinterest;pin novo 1000x1500 (imagem nova);profissionais liberais;CALCULADORA DE PARCELA;clique para o capítulo grátis;?utm_source=pinterest&utm_medium=organico&utm_campaign=vol2&utm_content=pinterest190;a fazer;;;;;;
51;24/11/2026;8;F2;Vol.3 Airfryer;Instagram Reels;vídeo curto 21-45s;marmita/trabalho;A temperatura certa para pastel e pão de queijo;salva + link da isca na bio;?utm_source=instagramreels&utm_medium=organico&utm_campaign=vol3&utm_content=instagram reels059;a fazer;;;;;;
51;24/11/2026;8;F2;Vol.3 Airfryer;Blog/Medium;artigo transacional;proteína (sem dieta);12 receitas para airfryer de 2 litros;CTA para a isca do livro;?utm_source=blog&utm_medium=organico&utm_campaign=vol3&utm_content=blog006;a fazer;;;;;;
51;24/11/2026;8;F2;Vol.3 Airfryer;Pinterest;pin novo 1000x1500 (imagem nova);vegetarianos;CUSTO POR PORÇÃO;clique para o capítulo grátis;?utm_source=pinterest&utm_medium=organico&utm_campaign=vol3&utm_content=pinterest191;a fazer;;;;;;
51;24/11/2026;8;F2;Vol.3 Airfryer;Pinterest;pin novo 1000x1500 (imagem nova);famílias com crianças;7 MARMITAS EM 90 MIN;clique para o capítulo grátis;?utm_source=pinterest&utm_medium=organico&utm_campaign=vol3&utm_content=pinterest192;a fazer;;;;;;
51;24/11/2026;8;F2;Vol.3 Airfryer;Pinterest;pin novo 1000x1500 (imagem nova);universitários/república;TABELA DE TEMPERATURA;clique para o capítulo grátis;?utm_source=pinterest&utm_medium=organico&utm_campaign=vol3&utm_content=pinterest193;a fazer;;;;;;
51;24/11/2026;8;F2;Vol.3 Airfryer;Pinterest;pin novo 1000x1500 (imagem nova);quem mora sozinho;R$ 25 PARA 3 PESSOAS;clique para o capítulo grátis;?utm_source=pinterest&utm_medium=organico&utm_campaign=vol3&utm_content=pinterest194;a fazer;;;;;;
51;24/11/2026;8;F2;Vol.3 Airfryer;Pinterest;pin novo 1000x1500 (imagem nova);marmita/trabalho;2 LITROS: AJUSTE AQUI;clique para o capítulo grátis;?utm_source=pinterest&utm_medium=organico&utm_campaign=vol3&utm_content=pinterest195;a fazer;;;;;;
52;25/11/2026;8;F2;Vol.4 Energia;YouTube Shorts;vídeo curto 21-45s;motoristas de app;A primeira coisa ao acordar decide seu dia;"inscreve; isca na descrição";?utm_source=youtubeshorts&utm_medium=organico&utm_campaign=vol4&utm_content=youtube shorts060;a fazer;;;;;;
52;25/11/2026;8;F2;Vol.4 Energia;TikTok;vídeo curto 21-45s (2ª peça);atletas amadores;Café às 16h: faz a conta;comenta a palavra-chave do vídeo (isca na bio);?utm_source=tiktok&utm_medium=organico&utm_campaign=vol4&utm_content=tiktok061;a fazer;;;;;;
52;25/11/2026;8;F2;Vol.4 Energia;Fórum/Comunidade;resposta útil;freelancers;Como organizar a manhã com filho pequeno?;"sem link; perfil com a isca";?utm_source=fórum&utm_medium=organico&utm_campaign=vol4&utm_content=fórum022;a fazer;;;;;;
52;25/11/2026;8;F2;Vol.4 Energia;Pinterest;pin novo 1000x1500 (imagem nova);motoristas de app;7 CORREÇÕES NO QUARTO;clique para o capítulo grátis;?utm_source=pinterest&utm_medium=organico&utm_campaign=vol4&utm_content=pinterest196;a fazer;;;;;;
52;25/11/2026;8;F2;Vol.4 Energia;Pinterest;pin novo 1000x1500 (imagem nova);atletas amadores;RASTREADOR DE 21 DIAS;clique para o capítulo grátis;?utm_source=pinterest&utm_medium=organico&utm_campaign=vol4&utm_content=pinterest197;a fazer;;;;;;
52;25/11/2026;8;F2;Vol.4 Energia;Pinterest;pin novo 1000x1500 (imagem nova);freelancers;10 MINUTOS DE LUZ;clique para o capítulo grátis;?utm_source=pinterest&utm_medium=organico&utm_campaign=vol4&utm_content=pinterest198;a fazer;;;;;;
52;25/11/2026;8;F2;Vol.4 Energia;Pinterest;pin novo 1000x1500 (imagem nova);viajantes/fuso;3 TAREFAS DA ÚLTIMA HORA;clique para o capítulo grátis;?utm_source=pinterest&utm_medium=organico&utm_campaign=vol4&utm_content=pinterest199;a fazer;;;;;;
52;25/11/2026;8;F2;Vol.4 Energia;Pinterest;pin novo 1000x1500 (imagem nova);enfermagem/plantão;15 MINUTOS POR DIA;clique para o capítulo grátis;?utm_source=pinterest&utm_medium=organico&utm_campaign=vol4&utm_content=pinterest200;a fazer;;;;;;
53;26/11/2026;8;F2;Vol.1 IA;TikTok;vídeo curto 21-45s;corretores;A tarefa que ninguém devia fazer à mão em 2026;comenta a palavra-chave do vídeo (isca na bio);?utm_source=tiktok&utm_medium=organico&utm_campaign=vol1&utm_content=tiktok062;a fazer;;;;;;
53;26/11/2026;8;F2;Vol.1 IA;Blog/Medium;artigo transacional;suporte/atendimento;12 automações sem código para escritório;CTA para a isca do livro;?utm_source=blog&utm_medium=organico&utm_campaign=vol1&utm_content=blog007;a fazer;;;;;;
53;26/11/2026;8;F2;Vol.1 IA;Pinterest;pin novo 1000x1500 (imagem nova);RH/recrutamento;200 PROMPTS POR PROFISSÃO;clique para o capítulo grátis;?utm_source=pinterest&utm_medium=organico&utm_campaign=vol1&utm_content=pinterest201;a fazer;;;;;;
53;26/11/2026;8;F2;Vol.1 IA;Pinterest;pin novo 1000x1500 (imagem nova);freelancer/social media;QUANTO VALE SUA HORA?;clique para o capítulo grátis;?utm_source=pinterest&utm_medium=organico&utm_campaign=vol1&utm_content=pinterest202;a fazer;;;;;;
53;26/11/2026;8;F2;Vol.1 IA;Pinterest;pin novo 1000x1500 (imagem nova);MEI/loja pequena;4 MINUTOS NO LUGAR DE 3 HORAS;clique para o capítulo grátis;?utm_source=pinterest&utm_medium=organico&utm_campaign=vol1&utm_content=pinterest203;a fazer;;;;;;
53;26/11/2026;8;F2;Vol.1 IA;Pinterest;pin novo 1000x1500 (imagem nova);advocacia;5 CAMPOS QUE FAZEM A IA TRABALHAR;clique para o capítulo grátis;?utm_source=pinterest&utm_medium=organico&utm_campaign=vol1&utm_content=pinterest204;a fazer;;;;;;
53;26/11/2026;8;F2;Vol.1 IA;Pinterest;pin novo 1000x1500 (imagem nova);professores;12 AUTOMAÇÕES SEM CÓDIGO;clique para o capítulo grátis;?utm_source=pinterest&utm_medium=organico&utm_campaign=vol1&utm_content=pinterest205;a fazer;;;;;;
54;27/11/2026;8;F2;Vol.2 Dívidas;Instagram Reels;vídeo curto 21-45s;CLT;A frase que faz pedir o supervisor;salva + link da isca na bio;?utm_source=instagramreels&utm_medium=organico&utm_campaign=vol2&utm_content=instagram reels063;a fazer;;;;;;
54;27/11/2026;8;F2;Vol.2 Dívidas;YouTube Shorts;vídeo curto 21-45s (2ª peça);servidores;3 coisas para exigir por escrito;"inscreve; isca na descrição";?utm_source=youtubeshorts&utm_medium=organico&utm_campaign=vol2&utm_content=youtube shorts064;a fazer;;;;;;
54;27/11/2026;8;F2;Vol.2 Dívidas;Fórum/Comunidade;resposta útil;CLT;Parcela atrasada: o que fazer?;"sem link; perfil com a isca";?utm_source=fórum&utm_medium=organico&utm_campaign=vol2&utm_content=fórum023;a fazer;;;;;;
54;27/11/2026;8;F2;Vol.2 Dívidas;Pinterest;pin novo 1000x1500 (imagem nova);profissionais liberais;6 EXIGÊNCIAS POR ESCRITO;clique para o capítulo grátis;?utm_source=pinterest&utm_medium=organico&utm_campaign=vol2&utm_content=pinterest206;a fazer;;;;;;
54;27/11/2026;8;F2;Vol.2 Dívidas;Pinterest;pin novo 1000x1500 (imagem nova);CLT;12 CORTES NO ORÇAMENTO;clique para o capítulo grátis;?utm_source=pinterest&utm_medium=organico&utm_campaign=vol2&utm_content=pinterest207;a fazer;;;;;;
54;27/11/2026;8;F2;Vol.2 Dívidas;Pinterest;pin novo 1000x1500 (imagem nova);servidores;CALCULADORA DE PARCELA;clique para o capítulo grátis;?utm_source=pinterest&utm_medium=organico&utm_campaign=vol2&utm_content=pinterest208;a fazer;;;;;;
54;27/11/2026;8;F2;Vol.2 Dívidas;Pinterest;pin novo 1000x1500 (imagem nova);autônomos/motoristas;RAIO-X EM 2 HORAS;clique para o capítulo grátis;?utm_source=pinterest&utm_medium=organico&utm_campaign=vol2&utm_content=pinterest209;a fazer;;;;;;
54;27/11/2026;8;F2;Vol.2 Dívidas;Pinterest;pin novo 1000x1500 (imagem nova);famílias;15 SCRIPTS DE NEGOCIAÇÃO;clique para o capítulo grátis;?utm_source=pinterest&utm_medium=organico&utm_campaign=vol2&utm_content=pinterest210;a fazer;;;;;;
55;28/11/2026;8;F2;Vol.3 Airfryer;YouTube Shorts;vídeo curto 21-45s;universitários/república;Delivery x airfryer: a conta do mês;"inscreve; isca na descrição";?utm_source=youtubeshorts&utm_medium=organico&utm_campaign=vol3&utm_content=youtube shorts065;a fazer;;;;;;
55;28/11/2026;8;F2;Vol.3 Airfryer;YouTube;vídeo longo 6-12 min;famílias com crianças;Vídeo longo do Vol.3 Airfryer (ver arquivo 14, seção 2);isca na descrição + capítulo final;?utm_source=youtube&utm_medium=organico&utm_campaign=vol3&utm_content=youtube008;a fazer;;;;;;
55;28/11/2026;8;F2;Vol.3 Airfryer;Pinterest;pin novo 1000x1500 (imagem nova);marmita/trabalho;TABELA DE TEMPERATURA;clique para o capítulo grátis;?utm_source=pinterest&utm_medium=organico&utm_campaign=vol3&utm_content=pinterest211;a fazer;;;;;;
55;28/11/2026;8;F2;Vol.3 Airfryer;Pinterest;pin novo 1000x1500 (imagem nova);festas em casa;R$ 25 PARA 3 PESSOAS;clique para o capítulo grátis;?utm_source=pinterest&utm_medium=organico&utm_campaign=vol3&utm_content=pinterest212;a fazer;;;;;;
55;28/11/2026;8;F2;Vol.3 Airfryer;Pinterest;pin novo 1000x1500 (imagem nova);orçamento apertado;2 LITROS: AJUSTE AQUI;clique para o capítulo grátis;?utm_source=pinterest&utm_medium=organico&utm_campaign=vol3&utm_content=pinterest213;a fazer;;;;;;
55;28/11/2026;8;F2;Vol.3 Airfryer;Pinterest;pin novo 1000x1500 (imagem nova);proteína (sem dieta);O QUE CONGELAR;clique para o capítulo grátis;?utm_source=pinterest&utm_medium=organico&utm_campaign=vol3&utm_content=pinterest214;a fazer;;;;;;
55;28/11/2026;8;F2;Vol.3 Airfryer;Pinterest;pin novo 1000x1500 (imagem nova);vegetarianos;CUSTO POR PORÇÃO;clique para o capítulo grátis;?utm_source=pinterest&utm_medium=organico&utm_campaign=vol3&utm_content=pinterest215;a fazer;;;;;;
56;29/11/2026;8;F2;Vol.4 Energia;TikTok;vídeo curto 21-45s;mães e pais;Não dormiu bem? O plano das próximas 12 h;comenta a palavra-chave do vídeo (isca na bio);?utm_source=tiktok&utm_medium=organico&utm_campaign=vol4&utm_content=tiktok066;a fazer;;;;;;
56;29/11/2026;8;F2;Vol.4 Energia;TikTok;vídeo curto 21-45s (2ª peça);concurseiros/ENEM;15 minutos por dia, 21 dias;comenta a palavra-chave do vídeo (isca na bio);?utm_source=tiktok&utm_medium=organico&utm_campaign=vol4&utm_content=tiktok067;a fazer;;;;;;
56;29/11/2026;8;F2;Vol.4 Energia;Fórum/Comunidade;resposta útil;enfermagem/plantão;Escala de madrugada: como manter rotina?;"sem link; perfil com a isca";?utm_source=fórum&utm_medium=organico&utm_campaign=vol4&utm_content=fórum024;a fazer;;;;;;
56;29/11/2026;8;F2;Vol.4 Energia;Newsletter;1 ideia + 1 tarefa + 1 CTA;enfermagem/plantão;Dia 21: como manter (plano de 90 dias);oferta R$ 47 (garantia de 7 dias);?utm_source=newsletter&utm_medium=organico&utm_campaign=vol4&utm_content=newsletter008;a fazer;;;;;;
56;29/11/2026;8;F2;Vol.4 Energia;Pinterest;pin novo 1000x1500 (imagem nova);enfermagem/plantão;10 MINUTOS DE LUZ;clique para o capítulo grátis;?utm_source=pinterest&utm_medium=organico&utm_campaign=vol4&utm_content=pinterest216;a fazer;;;;;;
56;29/11/2026;8;F2;Vol.4 Energia;Pinterest;pin novo 1000x1500 (imagem nova);trabalho noturno;3 TAREFAS DA ÚLTIMA HORA;clique para o capítulo grátis;?utm_source=pinterest&utm_medium=organico&utm_campaign=vol4&utm_content=pinterest217;a fazer;;;;;;
56;29/11/2026;8;F2;Vol.4 Energia;Pinterest;pin novo 1000x1500 (imagem nova);mães e pais;15 MINUTOS POR DIA;clique para o capítulo grátis;?utm_source=pinterest&utm_medium=organico&utm_campaign=vol4&utm_content=pinterest218;a fazer;;;;;;
56;29/11/2026;8;F2;Vol.4 Energia;Pinterest;pin novo 1000x1500 (imagem nova);concurseiros/ENEM;TRABALHA À NOITE?;clique para o capítulo grátis;?utm_source=pinterest&utm_medium=organico&utm_campaign=vol4&utm_content=pinterest219;a fazer;;;;;;
56;29/11/2026;8;F2;Vol.4 Energia;Pinterest;pin novo 1000x1500 (imagem nova);motoristas de app;7 CORREÇÕES NO QUARTO;clique para o capítulo grátis;?utm_source=pinterest&utm_medium=organico&utm_campaign=vol4&utm_content=pinterest220;a fazer;;;;;;
57;30/11/2026;9;F2;Vol.1 IA;TikTok;vídeo curto 21-45s;advocacia;IA não veio te substituir, veio tirar a parte chata;comenta a palavra-chave do vídeo (isca na bio);?utm_source=tiktok&utm_medium=organico&utm_campaign=vol1&utm_content=tiktok068;a fazer;;;;;;
57;30/11/2026;9;F2;Vol.1 IA;Instagram Reels;vídeo curto 21-45s (2ª peça);professores;Fiz em 4 min o que levava 3 horas;salva + link da isca na bio;?utm_source=instagramreels&utm_medium=organico&utm_campaign=vol1&utm_content=instagram reels069;a fazer;;;;;;
57;30/11/2026;9;F2;Vol.1 IA;Fórum/Comunidade;resposta útil;RH/recrutamento;Como acelerar o fechamento mensal?;"sem link; perfil com a isca";?utm_source=fórum&utm_medium=organico&utm_campaign=vol1&utm_content=fórum025;a fazer;;;;;;
57;30/11/2026;9;F2;Vol.1 IA;Pinterest;pin novo 1000x1500 (imagem nova);professores;4 MINUTOS NO LUGAR DE 3 HORAS;clique para o capítulo grátis;?utm_source=pinterest&utm_medium=organico&utm_campaign=vol1&utm_content=pinterest221;a fazer;;;;;;
57;30/11/2026;9;F2;Vol.1 IA;Pinterest;pin novo 1000x1500 (imagem nova);corretores;5 CAMPOS QUE FAZEM A IA TRABALHAR;clique para o capítulo grátis;?utm_source=pinterest&utm_medium=organico&utm_campaign=vol1&utm_content=pinterest222;a fazer;;;;;;
57;30/11/2026;9;F2;Vol.1 IA;Pinterest;pin novo 1000x1500 (imagem nova);suporte/atendimento;12 AUTOMAÇÕES SEM CÓDIGO;clique para o capítulo grátis;?utm_source=pinterest&utm_medium=organico&utm_campaign=vol1&utm_content=pinterest223;a fazer;;;;;;
57;30/11/2026;9;F2;Vol.1 IA;Pinterest;pin novo 1000x1500 (imagem nova);escritório/contabilidade;QUANTO COBRAR?;clique para o capítulo grátis;?utm_source=pinterest&utm_medium=organico&utm_campaign=vol1&utm_content=pinterest224;a fazer;;;;;;
57;30/11/2026;9;F2;Vol.1 IA;Pinterest;pin novo 1000x1500 (imagem nova);RH/recrutamento;200 PROMPTS POR PROFISSÃO;clique para o capítulo grátis;?utm_source=pinterest&utm_medium=organico&utm_campaign=vol1&utm_content=pinterest225;a fazer;;;;;;
58;01/12/2026;9;F2;Vol.2 Dívidas;Instagram Reels;vídeo curto 21-45s;profissionais liberais;Se o credor ofereceu desconto na 1ª ligação, dá pra pedir mais;salva + link da isca na bio;?utm_source=instagramreels&utm_medium=organico&utm_campaign=vol2&utm_content=instagram reels070;a fazer;;;;;;
58;01/12/2026;9;F2;Vol.2 Dívidas;Blog/Medium;artigo transacional;servidores;Acordo de dívida: 6 exigências antes de pagar;CTA para a isca do livro;?utm_source=blog&utm_medium=organico&utm_campaign=vol2&utm_content=blog008;a fazer;;;;;;
58;01/12/2026;9;F2;Vol.2 Dívidas;Pinterest;pin novo 1000x1500 (imagem nova);famílias;CALCULADORA DE PARCELA;clique para o capítulo grátis;?utm_source=pinterest&utm_medium=organico&utm_campaign=vol2&utm_content=pinterest226;a fazer;;;;;;
58;01/12/2026;9;F2;Vol.2 Dívidas;Pinterest;pin novo 1000x1500 (imagem nova);jovens no 1º emprego;RAIO-X EM 2 HORAS;clique para o capítulo grátis;?utm_source=pinterest&utm_medium=organico&utm_campaign=vol2&utm_content=pinterest227;a fazer;;;;;;
58;01/12/2026;9;F2;Vol.2 Dívidas;Pinterest;pin novo 1000x1500 (imagem nova);estudantes/FIES;15 SCRIPTS DE NEGOCIAÇÃO;clique para o capítulo grátis;?utm_source=pinterest&utm_medium=organico&utm_campaign=vol2&utm_content=pinterest228;a fazer;;;;;;
58;01/12/2026;9;F2;Vol.2 Dívidas;Pinterest;pin novo 1000x1500 (imagem nova);aposentados;A ORDEM CERTA;clique para o capítulo grátis;?utm_source=pinterest&utm_medium=organico&utm_campaign=vol2&utm_content=pinterest229;a fazer;;;;;;
58;01/12/2026;9;F2;Vol.2 Dívidas;Pinterest;pin novo 1000x1500 (imagem nova);profissionais liberais;6 EXIGÊNCIAS POR ESCRITO;clique para o capítulo grátis;?utm_source=pinterest&utm_medium=organico&utm_campaign=vol2&utm_content=pinterest230;a fazer;;;;;;
59;02/12/2026;9;F2;Vol.3 Airfryer;YouTube Shorts;vídeo curto 21-45s;vegetarianos;Sua airfryer sai seca: você pula um passo;"inscreve; isca na descrição";?utm_source=youtubeshorts&utm_medium=organico&utm_campaign=vol3&utm_content=youtube shorts071;a fazer;;;;;;
59;02/12/2026;9;F2;Vol.3 Airfryer;TikTok;vídeo curto 21-45s (2ª peça);famílias com crianças;7 marmitas em 90 minutos (a ordem);comenta a palavra-chave do vídeo (isca na bio);?utm_source=tiktok&utm_medium=organico&utm_campaign=vol3&utm_content=tiktok072;a fazer;;;;;;
59;02/12/2026;9;F2;Vol.3 Airfryer;Fórum/Comunidade;resposta útil;quem mora sozinho;Como não enjoar da marmita?;"sem link; perfil com a isca";?utm_source=fórum&utm_medium=organico&utm_campaign=vol3&utm_content=fórum026;a fazer;;;;;;
59;02/12/2026;9;F2;Vol.3 Airfryer;Pinterest;pin novo 1000x1500 (imagem nova);vegetarianos;2 LITROS: AJUSTE AQUI;clique para o capítulo grátis;?utm_source=pinterest&utm_medium=organico&utm_campaign=vol3&utm_content=pinterest231;a fazer;;;;;;
59;02/12/2026;9;F2;Vol.3 Airfryer;Pinterest;pin novo 1000x1500 (imagem nova);famílias com crianças;O QUE CONGELAR;clique para o capítulo grátis;?utm_source=pinterest&utm_medium=organico&utm_campaign=vol3&utm_content=pinterest232;a fazer;;;;;;
59;02/12/2026;9;F2;Vol.3 Airfryer;Pinterest;pin novo 1000x1500 (imagem nova);universitários/república;CUSTO POR PORÇÃO;clique para o capítulo grátis;?utm_source=pinterest&utm_medium=organico&utm_campaign=vol3&utm_content=pinterest233;a fazer;;;;;;
59;02/12/2026;9;F2;Vol.3 Airfryer;Pinterest;pin novo 1000x1500 (imagem nova);quem mora sozinho;7 MARMITAS EM 90 MIN;clique para o capítulo grátis;?utm_source=pinterest&utm_medium=organico&utm_campaign=vol3&utm_content=pinterest234;a fazer;;;;;;
59;02/12/2026;9;F2;Vol.3 Airfryer;Pinterest;pin novo 1000x1500 (imagem nova);marmita/trabalho;TABELA DE TEMPERATURA;clique para o capítulo grátis;?utm_source=pinterest&utm_medium=organico&utm_campaign=vol3&utm_content=pinterest235;a fazer;;;;;;
60;03/12/2026;9;F2;Vol.4 Energia;TikTok;vídeo curto 21-45s;trabalho noturno;Sua última hora tem 3 tarefas. Só 3;comenta a palavra-chave do vídeo (isca na bio);?utm_source=tiktok&utm_medium=organico&utm_campaign=vol4&utm_content=tiktok073;a fazer;;;;;;
60;03/12/2026;9;F2;Vol.4 Energia;Blog/Medium;artigo transacional;trabalho noturno;Os 3 blocos do dia: difícil, recuperação, fechamento;CTA para a isca do livro;?utm_source=blog&utm_medium=organico&utm_campaign=vol4&utm_content=blog009;a fazer;;;;;;
60;03/12/2026;9;F2;Vol.4 Energia;Pinterest;pin novo 1000x1500 (imagem nova);motoristas de app;15 MINUTOS POR DIA;clique para o capítulo grátis;?utm_source=pinterest&utm_medium=organico&utm_campaign=vol4&utm_content=pinterest236;a fazer;;;;;;
60;03/12/2026;9;F2;Vol.4 Energia;Pinterest;pin novo 1000x1500 (imagem nova);atletas amadores;TRABALHA À NOITE?;clique para o capítulo grátis;?utm_source=pinterest&utm_medium=organico&utm_campaign=vol4&utm_content=pinterest237;a fazer;;;;;;
60;03/12/2026;9;F2;Vol.4 Energia;Pinterest;pin novo 1000x1500 (imagem nova);freelancers;7 CORREÇÕES NO QUARTO;clique para o capítulo grátis;?utm_source=pinterest&utm_medium=organico&utm_campaign=vol4&utm_content=pinterest238;a fazer;;;;;;
60;03/12/2026;9;F2;Vol.4 Energia;Pinterest;pin novo 1000x1500 (imagem nova);viajantes/fuso;RASTREADOR DE 21 DIAS;clique para o capítulo grátis;?utm_source=pinterest&utm_medium=organico&utm_campaign=vol4&utm_content=pinterest239;a fazer;;;;;;
60;03/12/2026;9;F2;Vol.4 Energia;Pinterest;pin novo 1000x1500 (imagem nova);enfermagem/plantão;10 MINUTOS DE LUZ;clique para o capítulo grátis;?utm_source=pinterest&utm_medium=organico&utm_campaign=vol4&utm_content=pinterest240;a fazer;;;;;;
61;04/12/2026;9;F3;Vol.1 IA;Instagram Reels;vídeo curto 21-45s;freelancer/social media;Sua IA responde genérico? Falta isto;salva + link da isca na bio;?utm_source=instagramreels&utm_medium=organico&utm_campaign=vol1&utm_content=instagram reels074;a fazer;;;;;;
61;04/12/2026;9;F3;Vol.1 IA;TikTok;vídeo curto — reciclagem do vencedor;MEI/loja pequena;Quanto vale a SUA hora? Calculo em 15 s;comenta a palavra-chave do vídeo (isca na bio);?utm_source=tiktok&utm_medium=organico&utm_campaign=vol1&utm_content=tiktok075;a fazer;;;;;;
61;04/12/2026;9;F3;Vol.1 IA;YouTube Shorts;vídeo curto 21-45s (2ª peça);advocacia;Automação sem código: 4 passos;"inscreve; isca na descrição";?utm_source=youtubeshorts&utm_medium=organico&utm_campaign=vol1&utm_content=youtube shorts076;a fazer;;;;;;
61;04/12/2026;9;F3;Vol.1 IA;Fórum/Comunidade;resposta útil;MEI/loja pequena;Vale usar IA para atender cliente?;"sem link; perfil com a isca";?utm_source=fórum&utm_medium=organico&utm_campaign=vol1&utm_content=fórum027;a fazer;;;;;;
61;04/12/2026;9;F3;Vol.1 IA;LinkedIn;carrossel 8-10 páginas;RH/recrutamento;Como provar o ROI da IA em números;isca no comentário fixado;?utm_source=linkedin&utm_medium=organico&utm_campaign=vol1&utm_content=linkedin001;a fazer;;;;;;
61;04/12/2026;9;F3;Vol.1 IA;Pinterest;pin novo 1000x1500 (imagem nova);RH/recrutamento;12 AUTOMAÇÕES SEM CÓDIGO;clique para o capítulo grátis;?utm_source=pinterest&utm_medium=organico&utm_campaign=vol1&utm_content=pinterest241;a fazer;;;;;;
61;04/12/2026;9;F3;Vol.1 IA;Pinterest;pin novo 1000x1500 (imagem nova);freelancer/social media;QUANTO COBRAR?;clique para o capítulo grátis;?utm_source=pinterest&utm_medium=organico&utm_campaign=vol1&utm_content=pinterest242;a fazer;;;;;;
61;04/12/2026;9;F3;Vol.1 IA;Pinterest;pin novo 1000x1500 (imagem nova);MEI/loja pequena;200 PROMPTS POR PROFISSÃO;clique para o capítulo grátis;?utm_source=pinterest&utm_medium=organico&utm_campaign=vol1&utm_content=pinterest243;a fazer;;;;;;
61;04/12/2026;9;F3;Vol.1 IA;Pinterest;pin novo 1000x1500 (imagem nova);advocacia;QUANTO VALE SUA HORA?;clique para o capítulo grátis;?utm_source=pinterest&utm_medium=organico&utm_campaign=vol1&utm_content=pinterest244;a fazer;;;;;;
61;04/12/2026;9;F3;Vol.1 IA;Pinterest;pin novo 1000x1500 (imagem nova);professores;4 MINUTOS NO LUGAR DE 3 HORAS;clique para o capítulo grátis;?utm_source=pinterest&utm_medium=organico&utm_campaign=vol1&utm_content=pinterest245;a fazer;;;;;;
62;05/12/2026;9;F3;Vol.2 Dívidas;YouTube Shorts;vídeo curto 21-45s;aposentados;Rotativo x acordo: a conta do mês;"inscreve; isca na descrição";?utm_source=youtubeshorts&utm_medium=organico&utm_campaign=vol2&utm_content=youtube shorts077;a fazer;;;;;;
62;05/12/2026;9;F3;Vol.2 Dívidas;TikTok;vídeo curto — reciclagem do vencedor;profissionais liberais;Se aceitar o acordo errado, a dívida volta;comenta a palavra-chave do vídeo (isca na bio);?utm_source=tiktok&utm_medium=organico&utm_campaign=vol2&utm_content=tiktok078;a fazer;;;;;;
62;05/12/2026;9;F3;Vol.2 Dívidas;YouTube;vídeo longo 6-12 min;autônomos/motoristas;Vídeo longo do Vol.2 Dívidas (ver arquivo 14, seção 2);isca na descrição + capítulo final;?utm_source=youtube&utm_medium=organico&utm_campaign=vol2&utm_content=youtube009;a fazer;;;;;;
62;05/12/2026;9;F3;Vol.2 Dívidas;Pinterest;pin novo 1000x1500 (imagem nova);profissionais liberais;15 SCRIPTS DE NEGOCIAÇÃO;clique para o capítulo grátis;?utm_source=pinterest&utm_medium=organico&utm_campaign=vol2&utm_content=pinterest246;a fazer;;;;;;
62;05/12/2026;9;F3;Vol.2 Dívidas;Pinterest;pin novo 1000x1500 (imagem nova);CLT;A ORDEM CERTA;clique para o capítulo grátis;?utm_source=pinterest&utm_medium=organico&utm_campaign=vol2&utm_content=pinterest247;a fazer;;;;;;
62;05/12/2026;9;F3;Vol.2 Dívidas;Pinterest;pin novo 1000x1500 (imagem nova);servidores;6 EXIGÊNCIAS POR ESCRITO;clique para o capítulo grátis;?utm_source=pinterest&utm_medium=organico&utm_campaign=vol2&utm_content=pinterest248;a fazer;;;;;;
62;05/12/2026;9;F3;Vol.2 Dívidas;Pinterest;pin novo 1000x1500 (imagem nova);autônomos/motoristas;12 CORTES NO ORÇAMENTO;clique para o capítulo grátis;?utm_source=pinterest&utm_medium=organico&utm_campaign=vol2&utm_content=pinterest249;a fazer;;;;;;
62;05/12/2026;9;F3;Vol.2 Dívidas;Pinterest;pin novo 1000x1500 (imagem nova);famílias;CALCULADORA DE PARCELA;clique para o capítulo grátis;?utm_source=pinterest&utm_medium=organico&utm_campaign=vol2&utm_content=pinterest250;a fazer;;;;;;
63;06/12/2026;9;F3;Vol.3 Airfryer;TikTok;vídeo curto 21-45s;vegetarianos;A temperatura certa para pastel e pão de queijo;comenta a palavra-chave do vídeo (isca na bio);?utm_source=tiktok&utm_medium=organico&utm_campaign=vol3&utm_content=tiktok079;a fazer;;;;;;
63;06/12/2026;9;F3;Vol.3 Airfryer;Instagram Reels;vídeo curto — reciclagem do vencedor;famílias com crianças;Jantar para 3 por menos de R$ 25;salva + link da isca na bio;?utm_source=instagramreels&utm_medium=organico&utm_campaign=vol3&utm_content=instagram reels080;a fazer;;;;;;
63;06/12/2026;9;F3;Vol.3 Airfryer;TikTok;vídeo curto 21-45s (2ª peça);universitários/república;Sua airfryer sai seca: você pula um passo;comenta a palavra-chave do vídeo (isca na bio);?utm_source=tiktok&utm_medium=organico&utm_campaign=vol3&utm_content=tiktok081;a fazer;;;;;;
63;06/12/2026;9;F3;Vol.3 Airfryer;Fórum/Comunidade;resposta útil;festas em casa;Receitas que funcionam na airfryer de 2L?;"sem link; perfil com a isca";?utm_source=fórum&utm_medium=organico&utm_campaign=vol3&utm_content=fórum028;a fazer;;;;;;
63;06/12/2026;9;F3;Vol.3 Airfryer;Newsletter;1 ideia + 1 tarefa + 1 CTA;universitários/república;7 marmitas em 90 minutos: o cronograma;oferta R$ 47 (garantia de 7 dias);?utm_source=newsletter&utm_medium=organico&utm_campaign=vol3&utm_content=newsletter009;a fazer;;;;;;
63;06/12/2026;9;F3;Vol.3 Airfryer;Pinterest;pin novo 1000x1500 (imagem nova);marmita/trabalho;CUSTO POR PORÇÃO;clique para o capítulo grátis;?utm_source=pinterest&utm_medium=organico&utm_campaign=vol3&utm_content=pinterest251;a fazer;;;;;;
63;06/12/2026;9;F3;Vol.3 Airfryer;Pinterest;pin novo 1000x1500 (imagem nova);festas em casa;7 MARMITAS EM 90 MIN;clique para o capítulo grátis;?utm_source=pinterest&utm_medium=organico&utm_campaign=vol3&utm_content=pinterest252;a fazer;;;;;;
63;06/12/2026;9;F3;Vol.3 Airfryer;Pinterest;pin novo 1000x1500 (imagem nova);orçamento apertado;TABELA DE TEMPERATURA;clique para o capítulo grátis;?utm_source=pinterest&utm_medium=organico&utm_campaign=vol3&utm_content=pinterest253;a fazer;;;;;;
63;06/12/2026;9;F3;Vol.3 Airfryer;Pinterest;pin novo 1000x1500 (imagem nova);proteína (sem dieta);R$ 25 PARA 3 PESSOAS;clique para o capítulo grátis;?utm_source=pinterest&utm_medium=organico&utm_campaign=vol3&utm_content=pinterest254;a fazer;;;;;;
63;06/12/2026;9;F3;Vol.3 Airfryer;Pinterest;pin novo 1000x1500 (imagem nova);vegetarianos;2 LITROS: AJUSTE AQUI;clique para o capítulo grátis;?utm_source=pinterest&utm_medium=organico&utm_campaign=vol3&utm_content=pinterest255;a fazer;;;;;;
64;07/12/2026;10;F3;Vol.4 Energia;TikTok;vídeo curto 21-45s;mães e pais;Acordei 4 min antes do despertador no dia 9;comenta a palavra-chave do vídeo (isca na bio);?utm_source=tiktok&utm_medium=organico&utm_campaign=vol4&utm_content=tiktok082;a fazer;;;;;;
64;07/12/2026;10;F3;Vol.4 Energia;YouTube Shorts;vídeo curto — reciclagem do vencedor;concurseiros/ENEM;Sua última hora tem 3 tarefas. Só 3;"inscreve; isca na descrição";?utm_source=youtubeshorts&utm_medium=organico&utm_campaign=vol4&utm_content=youtube shorts083;a fazer;;;;;;
64;07/12/2026;10;F3;Vol.4 Energia;Instagram Reels;vídeo curto 21-45s (2ª peça);motoristas de app;Trabalha à noite ou em escala? Essa trilha é sua;salva + link da isca na bio;?utm_source=instagramreels&utm_medium=organico&utm_campaign=vol4&utm_content=instagram reels084;a fazer;;;;;;
64;07/12/2026;10;F3;Vol.4 Energia;Fórum/Comunidade;resposta útil;atletas amadores;Escala de madrugada: como manter rotina?;"sem link; perfil com a isca";?utm_source=fórum&utm_medium=organico&utm_campaign=vol4&utm_content=fórum029;a fazer;;;;;;
64;07/12/2026;10;F3;Vol.4 Energia;Pinterest;pin novo 1000x1500 (imagem nova);enfermagem/plantão;7 CORREÇÕES NO QUARTO;clique para o capítulo grátis;?utm_source=pinterest&utm_medium=organico&utm_campaign=vol4&utm_content=pinterest256;a fazer;;;;;;
64;07/12/2026;10;F3;Vol.4 Energia;Pinterest;pin novo 1000x1500 (imagem nova);trabalho noturno;RASTREADOR DE 21 DIAS;clique para o capítulo grátis;?utm_source=pinterest&utm_medium=organico&utm_campaign=vol4&utm_content=pinterest257;a fazer;;;;;;
64;07/12/2026;10;F3;Vol.4 Energia;Pinterest;pin novo 1000x1500 (imagem nova);mães e pais;10 MINUTOS DE LUZ;clique para o capítulo grátis;?utm_source=pinterest&utm_medium=organico&utm_campaign=vol4&utm_content=pinterest258;a fazer;;;;;;
64;07/12/2026;10;F3;Vol.4 Energia;Pinterest;pin novo 1000x1500 (imagem nova);concurseiros/ENEM;3 TAREFAS DA ÚLTIMA HORA;clique para o capítulo grátis;?utm_source=pinterest&utm_medium=organico&utm_campaign=vol4&utm_content=pinterest259;a fazer;;;;;;
64;07/12/2026;10;F3;Vol.4 Energia;Pinterest;pin novo 1000x1500 (imagem nova);motoristas de app;15 MINUTOS POR DIA;clique para o capítulo grátis;?utm_source=pinterest&utm_medium=organico&utm_campaign=vol4&utm_content=pinterest260;a fazer;;;;;;
65;08/12/2026;10;F3;Vol.1 IA;Instagram Reels;vídeo curto 21-45s;professores;Quanto vale a SUA hora? Calculo em 15 s;salva + link da isca na bio;?utm_source=instagramreels&utm_medium=organico&utm_campaign=vol1&utm_content=instagram reels085;a fazer;;;;;;
65;08/12/2026;10;F3;Vol.1 IA;TikTok;vídeo curto — reciclagem do vencedor;corretores;Automação sem código: 4 passos;comenta a palavra-chave do vídeo (isca na bio);?utm_source=tiktok&utm_medium=organico&utm_campaign=vol1&utm_content=tiktok086;a fazer;;;;;;
65;08/12/2026;10;F3;Vol.1 IA;Blog/Medium;artigo transacional;freelancer/social media;IA para RH: triagem de currículos com critério;CTA para a isca do livro;?utm_source=blog&utm_medium=organico&utm_campaign=vol1&utm_content=blog010;a fazer;;;;;;
65;08/12/2026;10;F3;Vol.1 IA;Pinterest;pin novo 1000x1500 (imagem nova);professores;200 PROMPTS POR PROFISSÃO;clique para o capítulo grátis;?utm_source=pinterest&utm_medium=organico&utm_campaign=vol1&utm_content=pinterest261;a fazer;;;;;;
65;08/12/2026;10;F3;Vol.1 IA;Pinterest;pin novo 1000x1500 (imagem nova);corretores;QUANTO VALE SUA HORA?;clique para o capítulo grátis;?utm_source=pinterest&utm_medium=organico&utm_campaign=vol1&utm_content=pinterest262;a fazer;;;;;;
65;08/12/2026;10;F3;Vol.1 IA;Pinterest;pin novo 1000x1500 (imagem nova);suporte/atendimento;4 MINUTOS NO LUGAR DE 3 HORAS;clique para o capítulo grátis;?utm_source=pinterest&utm_medium=organico&utm_campaign=vol1&utm_content=pinterest263;a fazer;;;;;;
65;08/12/2026;10;F3;Vol.1 IA;Pinterest;pin novo 1000x1500 (imagem nova);escritório/contabilidade;5 CAMPOS QUE FAZEM A IA TRABALHAR;clique para o capítulo grátis;?utm_source=pinterest&utm_medium=organico&utm_campaign=vol1&utm_content=pinterest264;a fazer;;;;;;
65;08/12/2026;10;F3;Vol.1 IA;Pinterest;pin novo 1000x1500 (imagem nova);RH/recrutamento;12 AUTOMAÇÕES SEM CÓDIGO;clique para o capítulo grátis;?utm_source=pinterest&utm_medium=organico&utm_campaign=vol1&utm_content=pinterest265;a fazer;;;;;;
66;09/12/2026;10;F3;Vol.2 Dívidas;YouTube Shorts;vídeo curto 21-45s;CLT;Rotativo x acordo: a conta do mês;"inscreve; isca na descrição";?utm_source=youtubeshorts&utm_medium=organico&utm_campaign=vol2&utm_content=youtube shorts087;a fazer;;;;;;
66;09/12/2026;10;F3;Vol.2 Dívidas;Instagram Reels;vídeo curto — reciclagem do vencedor;servidores;Se aceitar o acordo errado, a dívida volta;salva + link da isca na bio;?utm_source=instagramreels&utm_medium=organico&utm_campaign=vol2&utm_content=instagram reels088;a fazer;;;;;;
66;09/12/2026;10;F3;Vol.2 Dívidas;TikTok;vídeo curto 21-45s (2ª peça);autônomos/motoristas;Cobrança todo dia? Obra pela ordem;comenta a palavra-chave do vídeo (isca na bio);?utm_source=tiktok&utm_medium=organico&utm_campaign=vol2&utm_content=tiktok089;a fazer;;;;;;
66;09/12/2026;10;F3;Vol.2 Dívidas;Fórum/Comunidade;resposta útil;profissionais liberais;Vale mais negociar ou deixar rolar?;"sem link; perfil com a isca";?utm_source=fórum&utm_medium=organico&utm_campaign=vol2&utm_content=fórum030;a fazer;;;;;;
66;09/12/2026;10;F3;Vol.2 Dívidas;Pinterest;pin novo 1000x1500 (imagem nova);famílias;6 EXIGÊNCIAS POR ESCRITO;clique para o capítulo grátis;?utm_source=pinterest&utm_medium=organico&utm_campaign=vol2&utm_content=pinterest266;a fazer;;;;;;
66;09/12/2026;10;F3;Vol.2 Dívidas;Pinterest;pin novo 1000x1500 (imagem nova);jovens no 1º emprego;12 CORTES NO ORÇAMENTO;clique para o capítulo grátis;?utm_source=pinterest&utm_medium=organico&utm_campaign=vol2&utm_content=pinterest267;a fazer;;;;;;
66;09/12/2026;10;F3;Vol.2 Dívidas;Pinterest;pin novo 1000x1500 (imagem nova);estudantes/FIES;CALCULADORA DE PARCELA;clique para o capítulo grátis;?utm_source=pinterest&utm_medium=organico&utm_campaign=vol2&utm_content=pinterest268;a fazer;;;;;;
66;09/12/2026;10;F3;Vol.2 Dívidas;Pinterest;pin novo 1000x1500 (imagem nova);aposentados;RAIO-X EM 2 HORAS;clique para o capítulo grátis;?utm_source=pinterest&utm_medium=organico&utm_campaign=vol2&utm_content=pinterest269;a fazer;;;;;;
66;09/12/2026;10;F3;Vol.2 Dívidas;Pinterest;pin novo 1000x1500 (imagem nova);profissionais liberais;15 SCRIPTS DE NEGOCIAÇÃO;clique para o capítulo grátis;?utm_source=pinterest&utm_medium=organico&utm_campaign=vol2&utm_content=pinterest270;a fazer;;;;;;
67;10/12/2026;10;F3;Vol.3 Airfryer;TikTok;vídeo curto 21-45s;quem mora sozinho;Jantar para 3 por menos de R$ 25;comenta a palavra-chave do vídeo (isca na bio);?utm_source=tiktok&utm_medium=organico&utm_campaign=vol3&utm_content=tiktok090;a fazer;;;;;;
67;10/12/2026;10;F3;Vol.3 Airfryer;YouTube Shorts;vídeo curto — reciclagem do vencedor;marmita/trabalho;Sua airfryer sai seca: você pula um passo;"inscreve; isca na descrição";?utm_source=youtubeshorts&utm_medium=organico&utm_campaign=vol3&utm_content=youtube shorts091;a fazer;;;;;;
67;10/12/2026;10;F3;Vol.3 Airfryer;Blog/Medium;artigo transacional;marmita/trabalho;Mercado com R$ 150: 12 refeições;CTA para a isca do livro;?utm_source=blog&utm_medium=organico&utm_campaign=vol3&utm_content=blog011;a fazer;;;;;;
67;10/12/2026;10;F3;Vol.3 Airfryer;Pinterest;pin novo 1000x1500 (imagem nova);vegetarianos;TABELA DE TEMPERATURA;clique para o capítulo grátis;?utm_source=pinterest&utm_medium=organico&utm_campaign=vol3&utm_content=pinterest271;a fazer;;;;;;
67;10/12/2026;10;F3;Vol.3 Airfryer;Pinterest;pin novo 1000x1500 (imagem nova);famílias com crianças;R$ 25 PARA 3 PESSOAS;clique para o capítulo grátis;?utm_source=pinterest&utm_medium=organico&utm_campaign=vol3&utm_content=pinterest272;a fazer;;;;;;
67;10/12/2026;10;F3;Vol.3 Airfryer;Pinterest;pin novo 1000x1500 (imagem nova);universitários/república;2 LITROS: AJUSTE AQUI;clique para o capítulo grátis;?utm_source=pinterest&utm_medium=organico&utm_campaign=vol3&utm_content=pinterest273;a fazer;;;;;;
67;10/12/2026;10;F3;Vol.3 Airfryer;Pinterest;pin novo 1000x1500 (imagem nova);quem mora sozinho;O QUE CONGELAR;clique para o capítulo grátis;?utm_source=pinterest&utm_medium=organico&utm_campaign=vol3&utm_content=pinterest274;a fazer;;;;;;
67;10/12/2026;10;F3;Vol.3 Airfryer;Pinterest;pin novo 1000x1500 (imagem nova);marmita/trabalho;CUSTO POR PORÇÃO;clique para o capítulo grátis;?utm_source=pinterest&utm_medium=organico&utm_campaign=vol3&utm_content=pinterest275;a fazer;;;;;;
68;11/12/2026;10;F3;Vol.4 Energia;Instagram Reels;vídeo curto 21-45s;motoristas de app;Acordei 4 min antes do despertador no dia 9;salva + link da isca na bio;?utm_source=instagramreels&utm_medium=organico&utm_campaign=vol4&utm_content=instagram reels092;a fazer;;;;;;
68;11/12/2026;10;F3;Vol.4 Energia;TikTok;vídeo curto — reciclagem do vencedor;atletas amadores;Sua última hora tem 3 tarefas. Só 3;comenta a palavra-chave do vídeo (isca na bio);?utm_source=tiktok&utm_medium=organico&utm_campaign=vol4&utm_content=tiktok093;a fazer;;;;;;
68;11/12/2026;10;F3;Vol.4 Energia;YouTube Shorts;vídeo curto 21-45s (2ª peça);freelancers;Trabalha à noite ou em escala? Essa trilha é sua;"inscreve; isca na descrição";?utm_source=youtubeshorts&utm_medium=organico&utm_campaign=vol4&utm_content=youtube shorts094;a fazer;;;;;;
68;11/12/2026;10;F3;Vol.4 Energia;Fórum/Comunidade;resposta útil;viajantes/fuso;Como estudar de manhã sem enrolar?;"sem link; perfil com a isca";?utm_source=fórum&utm_medium=organico&utm_campaign=vol4&utm_content=fórum031;a fazer;;;;;;
68;11/12/2026;10;F3;Vol.4 Energia;LinkedIn;carrossel 8-10 páginas;mães e pais;Rotina em semanas de crise: reconstrução em 3 dias;isca no comentário fixado;?utm_source=linkedin&utm_medium=organico&utm_campaign=vol4&utm_content=linkedin002;a fazer;;;;;;
68;11/12/2026;10;F3;Vol.4 Energia;Pinterest;pin novo 1000x1500 (imagem nova);motoristas de app;10 MINUTOS DE LUZ;clique para o capítulo grátis;?utm_source=pinterest&utm_medium=organico&utm_campaign=vol4&utm_content=pinterest276;a fazer;;;;;;
68;11/12/2026;10;F3;Vol.4 Energia;Pinterest;pin novo 1000x1500 (imagem nova);atletas amadores;3 TAREFAS DA ÚLTIMA HORA;clique para o capítulo grátis;?utm_source=pinterest&utm_medium=organico&utm_campaign=vol4&utm_content=pinterest277;a fazer;;;;;;
68;11/12/2026;10;F3;Vol.4 Energia;Pinterest;pin novo 1000x1500 (imagem nova);freelancers;15 MINUTOS POR DIA;clique para o capítulo grátis;?utm_source=pinterest&utm_medium=organico&utm_campaign=vol4&utm_content=pinterest278;a fazer;;;;;;
68;11/12/2026;10;F3;Vol.4 Energia;Pinterest;pin novo 1000x1500 (imagem nova);viajantes/fuso;TRABALHA À NOITE?;clique para o capítulo grátis;?utm_source=pinterest&utm_medium=organico&utm_campaign=vol4&utm_content=pinterest279;a fazer;;;;;;
68;11/12/2026;10;F3;Vol.4 Energia;Pinterest;pin novo 1000x1500 (imagem nova);enfermagem/plantão;7 CORREÇÕES NO QUARTO;clique para o capítulo grátis;?utm_source=pinterest&utm_medium=organico&utm_campaign=vol4&utm_content=pinterest280;a fazer;;;;;;
69;12/12/2026;10;F3;Vol.1 IA;YouTube Shorts;vídeo curto 21-45s;suporte/atendimento;Quanto vale a SUA hora? Calculo em 15 s;"inscreve; isca na descrição";?utm_source=youtubeshorts&utm_medium=organico&utm_campaign=vol1&utm_content=youtube shorts095;a fazer;;;;;;
69;12/12/2026;10;F3;Vol.1 IA;TikTok;vídeo curto — reciclagem do vencedor;escritório/contabilidade;Automação sem código: 4 passos;comenta a palavra-chave do vídeo (isca na bio);?utm_source=tiktok&utm_medium=organico&utm_campaign=vol1&utm_content=tiktok096;a fazer;;;;;;
69;12/12/2026;10;F3;Vol.1 IA;YouTube;vídeo longo 6-12 min;freelancer/social media;Vídeo longo do Vol.1 IA (ver arquivo 14, seção 2);isca na descrição + capítulo final;?utm_source=youtube&utm_medium=organico&utm_campaign=vol1&utm_content=youtube010;a fazer;;;;;;
69;12/12/2026;10;F3;Vol.1 IA;Pinterest;pin novo 1000x1500 (imagem nova);RH/recrutamento;4 MINUTOS NO LUGAR DE 3 HORAS;clique para o capítulo grátis;?utm_source=pinterest&utm_medium=organico&utm_campaign=vol1&utm_content=pinterest281;a fazer;;;;;;
69;12/12/2026;10;F3;Vol.1 IA;Pinterest;pin novo 1000x1500 (imagem nova);freelancer/social media;5 CAMPOS QUE FAZEM A IA TRABALHAR;clique para o capítulo grátis;?utm_source=pinterest&utm_medium=organico&utm_campaign=vol1&utm_content=pinterest282;a fazer;;;;;;
69;12/12/2026;10;F3;Vol.1 IA;Pinterest;pin novo 1000x1500 (imagem nova);MEI/loja pequena;12 AUTOMAÇÕES SEM CÓDIGO;clique para o capítulo grátis;?utm_source=pinterest&utm_medium=organico&utm_campaign=vol1&utm_content=pinterest283;a fazer;;;;;;
69;12/12/2026;10;F3;Vol.1 IA;Pinterest;pin novo 1000x1500 (imagem nova);advocacia;QUANTO COBRAR?;clique para o capítulo grátis;?utm_source=pinterest&utm_medium=organico&utm_campaign=vol1&utm_content=pinterest284;a fazer;;;;;;
69;12/12/2026;10;F3;Vol.1 IA;Pinterest;pin novo 1000x1500 (imagem nova);professores;200 PROMPTS POR PROFISSÃO;clique para o capítulo grátis;?utm_source=pinterest&utm_medium=organico&utm_campaign=vol1&utm_content=pinterest285;a fazer;;;;;;
70;13/12/2026;10;F3;Vol.2 Dívidas;TikTok;vídeo curto 21-45s;autônomos/motoristas;Rotativo x acordo: a conta do mês;comenta a palavra-chave do vídeo (isca na bio);?utm_source=tiktok&utm_medium=organico&utm_campaign=vol2&utm_content=tiktok097;a fazer;;;;;;
70;13/12/2026;10;F3;Vol.2 Dívidas;Instagram Reels;vídeo curto — reciclagem do vencedor;famílias;Se aceitar o acordo errado, a dívida volta;salva + link da isca na bio;?utm_source=instagramreels&utm_medium=organico&utm_campaign=vol2&utm_content=instagram reels098;a fazer;;;;;;
70;13/12/2026;10;F3;Vol.2 Dívidas;TikTok;vídeo curto 21-45s (2ª peça);jovens no 1º emprego;Cobrança todo dia? Obra pela ordem;comenta a palavra-chave do vídeo (isca na bio);?utm_source=tiktok&utm_medium=organico&utm_campaign=vol2&utm_content=tiktok099;a fazer;;;;;;
70;13/12/2026;10;F3;Vol.2 Dívidas;Fórum/Comunidade;resposta útil;servidores;Como organizar o mês sem contracheque?;"sem link; perfil com a isca";?utm_source=fórum&utm_medium=organico&utm_campaign=vol2&utm_content=fórum032;a fazer;;;;;;
70;13/12/2026;10;F3;Vol.2 Dívidas;Newsletter;1 ideia + 1 tarefa + 1 CTA;famílias;4 cortes que liberam R$ 200 hoje;oferta R$ 47 (garantia de 7 dias);?utm_source=newsletter&utm_medium=organico&utm_campaign=vol2&utm_content=newsletter010;a fazer;;;;;;
70;13/12/2026;10;F3;Vol.2 Dívidas;Pinterest;pin novo 1000x1500 (imagem nova);profissionais liberais;CALCULADORA DE PARCELA;clique para o capítulo grátis;?utm_source=pinterest&utm_medium=organico&utm_campaign=vol2&utm_content=pinterest286;a fazer;;;;;;
70;13/12/2026;10;F3;Vol.2 Dívidas;Pinterest;pin novo 1000x1500 (imagem nova);CLT;RAIO-X EM 2 HORAS;clique para o capítulo grátis;?utm_source=pinterest&utm_medium=organico&utm_campaign=vol2&utm_content=pinterest287;a fazer;;;;;;
70;13/12/2026;10;F3;Vol.2 Dívidas;Pinterest;pin novo 1000x1500 (imagem nova);servidores;15 SCRIPTS DE NEGOCIAÇÃO;clique para o capítulo grátis;?utm_source=pinterest&utm_medium=organico&utm_campaign=vol2&utm_content=pinterest288;a fazer;;;;;;
70;13/12/2026;10;F3;Vol.2 Dívidas;Pinterest;pin novo 1000x1500 (imagem nova);autônomos/motoristas;A ORDEM CERTA;clique para o capítulo grátis;?utm_source=pinterest&utm_medium=organico&utm_campaign=vol2&utm_content=pinterest289;a fazer;;;;;;
70;13/12/2026;10;F3;Vol.2 Dívidas;Pinterest;pin novo 1000x1500 (imagem nova);famílias;6 EXIGÊNCIAS POR ESCRITO;clique para o capítulo grátis;?utm_source=pinterest&utm_medium=organico&utm_campaign=vol2&utm_content=pinterest290;a fazer;;;;;;
71;14/12/2026;11;F3;Vol.3 Airfryer;TikTok;vídeo curto 21-45s;festas em casa;Jantar para 3 por menos de R$ 25;comenta a palavra-chave do vídeo (isca na bio);?utm_source=tiktok&utm_medium=organico&utm_campaign=vol3&utm_content=tiktok100;a fazer;;;;;;
71;14/12/2026;11;F3;Vol.3 Airfryer;YouTube Shorts;vídeo curto — reciclagem do vencedor;orçamento apertado;Sua airfryer sai seca: você pula um passo;"inscreve; isca na descrição";?utm_source=youtubeshorts&utm_medium=organico&utm_campaign=vol3&utm_content=youtube shorts101;a fazer;;;;;;
71;14/12/2026;11;F3;Vol.3 Airfryer;Instagram Reels;vídeo curto 21-45s (2ª peça);proteína (sem dieta);7 marmitas em 90 minutos (a ordem);salva + link da isca na bio;?utm_source=instagramreels&utm_medium=organico&utm_campaign=vol3&utm_content=instagram reels102;a fazer;;;;;;
71;14/12/2026;11;F3;Vol.3 Airfryer;Fórum/Comunidade;resposta útil;universitários/república;Receitas que funcionam na airfryer de 2L?;"sem link; perfil com a isca";?utm_source=fórum&utm_medium=organico&utm_campaign=vol3&utm_content=fórum033;a fazer;;;;;;
71;14/12/2026;11;F3;Vol.3 Airfryer;Pinterest;pin novo 1000x1500 (imagem nova);marmita/trabalho;2 LITROS: AJUSTE AQUI;clique para o capítulo grátis;?utm_source=pinterest&utm_medium=organico&utm_campaign=vol3&utm_content=pinterest291;a fazer;;;;;;
71;14/12/2026;11;F3;Vol.3 Airfryer;Pinterest;pin novo 1000x1500 (imagem nova);festas em casa;O QUE CONGELAR;clique para o capítulo grátis;?utm_source=pinterest&utm_medium=organico&utm_campaign=vol3&utm_content=pinterest292;a fazer;;;;;;
71;14/12/2026;11;F3;Vol.3 Airfryer;Pinterest;pin novo 1000x1500 (imagem nova);orçamento apertado;CUSTO POR PORÇÃO;clique para o capítulo grátis;?utm_source=pinterest&utm_medium=organico&utm_campaign=vol3&utm_content=pinterest293;a fazer;;;;;;
71;14/12/2026;11;F3;Vol.3 Airfryer;Pinterest;pin novo 1000x1500 (imagem nova);proteína (sem dieta);7 MARMITAS EM 90 MIN;clique para o capítulo grátis;?utm_source=pinterest&utm_medium=organico&utm_campaign=vol3&utm_content=pinterest294;a fazer;;;;;;
71;14/12/2026;11;F3;Vol.3 Airfryer;Pinterest;pin novo 1000x1500 (imagem nova);vegetarianos;TABELA DE TEMPERATURA;clique para o capítulo grátis;?utm_source=pinterest&utm_medium=organico&utm_campaign=vol3&utm_content=pinterest295;a fazer;;;;;;
72;15/12/2026;11;F3;Vol.4 Energia;Instagram Reels;vídeo curto 21-45s;viajantes/fuso;Sua última hora tem 3 tarefas. Só 3;salva + link da isca na bio;?utm_source=instagramreels&utm_medium=organico&utm_campaign=vol4&utm_content=instagram reels103;a fazer;;;;;;
72;15/12/2026;11;F3;Vol.4 Energia;TikTok;vídeo curto — reciclagem do vencedor;enfermagem/plantão;Trabalha à noite ou em escala? Essa trilha é sua;comenta a palavra-chave do vídeo (isca na bio);?utm_source=tiktok&utm_medium=organico&utm_campaign=vol4&utm_content=tiktok104;a fazer;;;;;;
72;15/12/2026;11;F3;Vol.4 Energia;Blog/Medium;artigo transacional;motoristas de app;Protocolo S.O.N.O.: como aplicar em 21 dias;CTA para a isca do livro;?utm_source=blog&utm_medium=organico&utm_campaign=vol4&utm_content=blog012;a fazer;;;;;;
72;15/12/2026;11;F3;Vol.4 Energia;Pinterest;pin novo 1000x1500 (imagem nova);enfermagem/plantão;15 MINUTOS POR DIA;clique para o capítulo grátis;?utm_source=pinterest&utm_medium=organico&utm_campaign=vol4&utm_content=pinterest296;a fazer;;;;;;
72;15/12/2026;11;F3;Vol.4 Energia;Pinterest;pin novo 1000x1500 (imagem nova);trabalho noturno;TRABALHA À NOITE?;clique para o capítulo grátis;?utm_source=pinterest&utm_medium=organico&utm_campaign=vol4&utm_content=pinterest297;a fazer;;;;;;
72;15/12/2026;11;F3;Vol.4 Energia;Pinterest;pin novo 1000x1500 (imagem nova);mães e pais;7 CORREÇÕES NO QUARTO;clique para o capítulo grátis;?utm_source=pinterest&utm_medium=organico&utm_campaign=vol4&utm_content=pinterest298;a fazer;;;;;;
72;15/12/2026;11;F3;Vol.4 Energia;Pinterest;pin novo 1000x1500 (imagem nova);concurseiros/ENEM;RASTREADOR DE 21 DIAS;clique para o capítulo grátis;?utm_source=pinterest&utm_medium=organico&utm_campaign=vol4&utm_content=pinterest299;a fazer;;;;;;
72;15/12/2026;11;F3;Vol.4 Energia;Pinterest;pin novo 1000x1500 (imagem nova);motoristas de app;10 MINUTOS DE LUZ;clique para o capítulo grátis;?utm_source=pinterest&utm_medium=organico&utm_campaign=vol4&utm_content=pinterest300;a fazer;;;;;;
73;16/12/2026;11;F3;Vol.1 IA;YouTube Shorts;vídeo curto 21-45s;RH/recrutamento;Quanto vale a SUA hora? Calculo em 15 s;"inscreve; isca na descrição";?utm_source=youtubeshorts&utm_medium=organico&utm_campaign=vol1&utm_content=youtube shorts105;a fazer;;;;;;
73;16/12/2026;11;F3;Vol.1 IA;Instagram Reels;vídeo curto — reciclagem do vencedor;freelancer/social media;Automação sem código: 4 passos;salva + link da isca na bio;?utm_source=instagramreels&utm_medium=organico&utm_campaign=vol1&utm_content=instagram reels106;a fazer;;;;;;
73;16/12/2026;11;F3;Vol.1 IA;TikTok;vídeo curto 21-45s (2ª peça);MEI/loja pequena;Tabela de preços: quanto cobrar com IA;comenta a palavra-chave do vídeo (isca na bio);?utm_source=tiktok&utm_medium=organico&utm_campaign=vol1&utm_content=tiktok107;a fazer;;;;;;
73;16/12/2026;11;F3;Vol.1 IA;Fórum/Comunidade;resposta útil;freelancer/social media;Plano de aula: alguém usa IA?;"sem link; perfil com a isca";?utm_source=fórum&utm_medium=organico&utm_campaign=vol1&utm_content=fórum034;a fazer;;;;;;
73;16/12/2026;11;F3;Vol.1 IA;Pinterest;pin novo 1000x1500 (imagem nova);professores;12 AUTOMAÇÕES SEM CÓDIGO;clique para o capítulo grátis;?utm_source=pinterest&utm_medium=organico&utm_campaign=vol1&utm_content=pinterest301;a fazer;;;;;;
73;16/12/2026;11;F3;Vol.1 IA;Pinterest;pin novo 1000x1500 (imagem nova);corretores;QUANTO COBRAR?;clique para o capítulo grátis;?utm_source=pinterest&utm_medium=organico&utm_campaign=vol1&utm_content=pinterest302;a fazer;;;;;;
73;16/12/2026;11;F3;Vol.1 IA;Pinterest;pin novo 1000x1500 (imagem nova);suporte/atendimento;200 PROMPTS POR PROFISSÃO;clique para o capítulo grátis;?utm_source=pinterest&utm_medium=organico&utm_campaign=vol1&utm_content=pinterest303;a fazer;;;;;;
73;16/12/2026;11;F3;Vol.1 IA;Pinterest;pin novo 1000x1500 (imagem nova);escritório/contabilidade;QUANTO VALE SUA HORA?;clique para o capítulo grátis;?utm_source=pinterest&utm_medium=organico&utm_campaign=vol1&utm_content=pinterest304;a fazer;;;;;;
73;16/12/2026;11;F3;Vol.1 IA;Pinterest;pin novo 1000x1500 (imagem nova);RH/recrutamento;4 MINUTOS NO LUGAR DE 3 HORAS;clique para o capítulo grátis;?utm_source=pinterest&utm_medium=organico&utm_campaign=vol1&utm_content=pinterest305;a fazer;;;;;;
74;17/12/2026;11;F3;Vol.2 Dívidas;TikTok;vídeo curto 21-45s;estudantes/FIES;Se aceitar o acordo errado, a dívida volta;comenta a palavra-chave do vídeo (isca na bio);?utm_source=tiktok&utm_medium=organico&utm_campaign=vol2&utm_content=tiktok108;a fazer;;;;;;
74;17/12/2026;11;F3;Vol.2 Dívidas;YouTube Shorts;vídeo curto — reciclagem do vencedor;aposentados;Cobrança todo dia? Obra pela ordem;"inscreve; isca na descrição";?utm_source=youtubeshorts&utm_medium=organico&utm_campaign=vol2&utm_content=youtube shorts109;a fazer;;;;;;
74;17/12/2026;11;F3;Vol.2 Dívidas;Blog/Medium;artigo transacional;aposentados;Raio-X das dívidas: onde consultar de graça;CTA para a isca do livro;?utm_source=blog&utm_medium=organico&utm_campaign=vol2&utm_content=blog013;a fazer;;;;;;
74;17/12/2026;11;F3;Vol.2 Dívidas;Pinterest;pin novo 1000x1500 (imagem nova);famílias;15 SCRIPTS DE NEGOCIAÇÃO;clique para o capítulo grátis;?utm_source=pinterest&utm_medium=organico&utm_campaign=vol2&utm_content=pinterest306;a fazer;;;;;;
74;17/12/2026;11;F3;Vol.2 Dívidas;Pinterest;pin novo 1000x1500 (imagem nova);jovens no 1º emprego;A ORDEM CERTA;clique para o capítulo grátis;?utm_source=pinterest&utm_medium=organico&utm_campaign=vol2&utm_content=pinterest307;a fazer;;;;;;
74;17/12/2026;11;F3;Vol.2 Dívidas;Pinterest;pin novo 1000x1500 (imagem nova);estudantes/FIES;6 EXIGÊNCIAS POR ESCRITO;clique para o capítulo grátis;?utm_source=pinterest&utm_medium=organico&utm_campaign=vol2&utm_content=pinterest308;a fazer;;;;;;
74;17/12/2026;11;F3;Vol.2 Dívidas;Pinterest;pin novo 1000x1500 (imagem nova);aposentados;12 CORTES NO ORÇAMENTO;clique para o capítulo grátis;?utm_source=pinterest&utm_medium=organico&utm_campaign=vol2&utm_content=pinterest309;a fazer;;;;;;
74;17/12/2026;11;F3;Vol.2 Dívidas;Pinterest;pin novo 1000x1500 (imagem nova);profissionais liberais;CALCULADORA DE PARCELA;clique para o capítulo grátis;?utm_source=pinterest&utm_medium=organico&utm_campaign=vol2&utm_content=pinterest310;a fazer;;;;;;
75;18/12/2026;11;F3;Vol.3 Airfryer;Instagram Reels;vídeo curto 21-45s;proteína (sem dieta);Jantar para 3 por menos de R$ 25;salva + link da isca na bio;?utm_source=instagramreels&utm_medium=organico&utm_campaign=vol3&utm_content=instagram reels110;a fazer;;;;;;
75;18/12/2026;11;F3;Vol.3 Airfryer;TikTok;vídeo curto — reciclagem do vencedor;vegetarianos;Sua airfryer sai seca: você pula um passo;comenta a palavra-chave do vídeo (isca na bio);?utm_source=tiktok&utm_medium=organico&utm_campaign=vol3&utm_content=tiktok111;a fazer;;;;;;
75;18/12/2026;11;F3;Vol.3 Airfryer;YouTube Shorts;vídeo curto 21-45s (2ª peça);famílias com crianças;7 marmitas em 90 minutos (a ordem);"inscreve; isca na descrição";?utm_source=youtubeshorts&utm_medium=organico&utm_campaign=vol3&utm_content=youtube shorts112;a fazer;;;;;;
75;18/12/2026;11;F3;Vol.3 Airfryer;Fórum/Comunidade;resposta útil;marmita/trabalho;O que fazer na airfryer além de batata?;"sem link; perfil com a isca";?utm_source=fórum&utm_medium=organico&utm_campaign=vol3&utm_content=fórum035;a fazer;;;;;;
75;18/12/2026;11;F3;Vol.3 Airfryer;LinkedIn;carrossel 8-10 páginas;marmita/trabalho;O custo real do delivery: a conta de um mês;isca no comentário fixado;?utm_source=linkedin&utm_medium=organico&utm_campaign=vol3&utm_content=linkedin003;a fazer;;;;;;
75;18/12/2026;11;F3;Vol.3 Airfryer;Pinterest;pin novo 1000x1500 (imagem nova);vegetarianos;CUSTO POR PORÇÃO;clique para o capítulo grátis;?utm_source=pinterest&utm_medium=organico&utm_campaign=vol3&utm_content=pinterest311;a fazer;;;;;;
75;18/12/2026;11;F3;Vol.3 Airfryer;Pinterest;pin novo 1000x1500 (imagem nova);famílias com crianças;7 MARMITAS EM 90 MIN;clique para o capítulo grátis;?utm_source=pinterest&utm_medium=organico&utm_campaign=vol3&utm_content=pinterest312;a fazer;;;;;;
75;18/12/2026;11;F3;Vol.3 Airfryer;Pinterest;pin novo 1000x1500 (imagem nova);universitários/república;TABELA DE TEMPERATURA;clique para o capítulo grátis;?utm_source=pinterest&utm_medium=organico&utm_campaign=vol3&utm_content=pinterest313;a fazer;;;;;;
75;18/12/2026;11;F3;Vol.3 Airfryer;Pinterest;pin novo 1000x1500 (imagem nova);quem mora sozinho;R$ 25 PARA 3 PESSOAS;clique para o capítulo grátis;?utm_source=pinterest&utm_medium=organico&utm_campaign=vol3&utm_content=pinterest314;a fazer;;;;;;
75;18/12/2026;11;F3;Vol.3 Airfryer;Pinterest;pin novo 1000x1500 (imagem nova);marmita/trabalho;2 LITROS: AJUSTE AQUI;clique para o capítulo grátis;?utm_source=pinterest&utm_medium=organico&utm_campaign=vol3&utm_content=pinterest315;a fazer;;;;;;
76;19/12/2026;11;F3;Vol.4 Energia;YouTube Shorts;vídeo curto 21-45s;trabalho noturno;Sua última hora tem 3 tarefas. Só 3;"inscreve; isca na descrição";?utm_source=youtubeshorts&utm_medium=organico&utm_campaign=vol4&utm_content=youtube shorts113;a fazer;;;;;;
76;19/12/2026;11;F3;Vol.4 Energia;TikTok;vídeo curto — reciclagem do vencedor;mães e pais;Trabalha à noite ou em escala? Essa trilha é sua;comenta a palavra-chave do vídeo (isca na bio);?utm_source=tiktok&utm_medium=organico&utm_campaign=vol4&utm_content=tiktok114;a fazer;;;;;;
76;19/12/2026;11;F3;Vol.4 Energia;YouTube;vídeo longo 6-12 min;concurseiros/ENEM;Vídeo longo do Vol.4 Energia (ver arquivo 14, seção 2);isca na descrição + capítulo final;?utm_source=youtube&utm_medium=organico&utm_campaign=vol4&utm_content=youtube011;a fazer;;;;;;
76;19/12/2026;11;F3;Vol.4 Energia;Pinterest;pin novo 1000x1500 (imagem nova);motoristas de app;7 CORREÇÕES NO QUARTO;clique para o capítulo grátis;?utm_source=pinterest&utm_medium=organico&utm_campaign=vol4&utm_content=pinterest316;a fazer;;;;;;
76;19/12/2026;11;F3;Vol.4 Energia;Pinterest;pin novo 1000x1500 (imagem nova);atletas amadores;RASTREADOR DE 21 DIAS;clique para o capítulo grátis;?utm_source=pinterest&utm_medium=organico&utm_campaign=vol4&utm_content=pinterest317;a fazer;;;;;;
76;19/12/2026;11;F3;Vol.4 Energia;Pinterest;pin novo 1000x1500 (imagem nova);freelancers;10 MINUTOS DE LUZ;clique para o capítulo grátis;?utm_source=pinterest&utm_medium=organico&utm_campaign=vol4&utm_content=pinterest318;a fazer;;;;;;
76;19/12/2026;11;F3;Vol.4 Energia;Pinterest;pin novo 1000x1500 (imagem nova);viajantes/fuso;3 TAREFAS DA ÚLTIMA HORA;clique para o capítulo grátis;?utm_source=pinterest&utm_medium=organico&utm_campaign=vol4&utm_content=pinterest319;a fazer;;;;;;
76;19/12/2026;11;F3;Vol.4 Energia;Pinterest;pin novo 1000x1500 (imagem nova);enfermagem/plantão;15 MINUTOS POR DIA;clique para o capítulo grátis;?utm_source=pinterest&utm_medium=organico&utm_campaign=vol4&utm_content=pinterest320;a fazer;;;;;;
77;20/12/2026;11;F3;Vol.1 IA;TikTok;vídeo curto 21-45s;MEI/loja pequena;Quanto vale a SUA hora? Calculo em 15 s;comenta a palavra-chave do vídeo (isca na bio);?utm_source=tiktok&utm_medium=organico&utm_campaign=vol1&utm_content=tiktok115;a fazer;;;;;;
77;20/12/2026;11;F3;Vol.1 IA;Instagram Reels;vídeo curto — reciclagem do vencedor;advocacia;Automação sem código: 4 passos;salva + link da isca na bio;?utm_source=instagramreels&utm_medium=organico&utm_campaign=vol1&utm_content=instagram reels116;a fazer;;;;;;
77;20/12/2026;11;F3;Vol.1 IA;TikTok;vídeo curto 21-45s (2ª peça);professores;Tabela de preços: quanto cobrar com IA;comenta a palavra-chave do vídeo (isca na bio);?utm_source=tiktok&utm_medium=organico&utm_campaign=vol1&utm_content=tiktok117;a fazer;;;;;;
77;20/12/2026;11;F3;Vol.1 IA;Fórum/Comunidade;resposta útil;advocacia;IA serve pra quê no trabalho de verdade?;"sem link; perfil com a isca";?utm_source=fórum&utm_medium=organico&utm_campaign=vol1&utm_content=fórum036;a fazer;;;;;;
77;20/12/2026;11;F3;Vol.1 IA;Newsletter;1 ideia + 1 tarefa + 1 CTA;MEI/loja pequena;Quanto cobrar: a tabela que eu uso;oferta R$ 47 (garantia de 7 dias);?utm_source=newsletter&utm_medium=organico&utm_campaign=vol1&utm_content=newsletter011;a fazer;;;;;;
77;20/12/2026;11;F3;Vol.1 IA;Pinterest;pin novo 1000x1500 (imagem nova);RH/recrutamento;200 PROMPTS POR PROFISSÃO;clique para o capítulo grátis;?utm_source=pinterest&utm_medium=organico&utm_campaign=vol1&utm_content=pinterest321;a fazer;;;;;;
77;20/12/2026;11;F3;Vol.1 IA;Pinterest;pin novo 1000x1500 (imagem nova);freelancer/social media;QUANTO VALE SUA HORA?;clique para o capítulo grátis;?utm_source=pinterest&utm_medium=organico&utm_campaign=vol1&utm_content=pinterest322;a fazer;;;;;;
77;20/12/2026;11;F3;Vol.1 IA;Pinterest;pin novo 1000x1500 (imagem nova);MEI/loja pequena;4 MINUTOS NO LUGAR DE 3 HORAS;clique para o capítulo grátis;?utm_source=pinterest&utm_medium=organico&utm_campaign=vol1&utm_content=pinterest323;a fazer;;;;;;
77;20/12/2026;11;F3;Vol.1 IA;Pinterest;pin novo 1000x1500 (imagem nova);advocacia;5 CAMPOS QUE FAZEM A IA TRABALHAR;clique para o capítulo grátis;?utm_source=pinterest&utm_medium=organico&utm_campaign=vol1&utm_content=pinterest324;a fazer;;;;;;
77;20/12/2026;11;F3;Vol.1 IA;Pinterest;pin novo 1000x1500 (imagem nova);professores;12 AUTOMAÇÕES SEM CÓDIGO;clique para o capítulo grátis;?utm_source=pinterest&utm_medium=organico&utm_campaign=vol1&utm_content=pinterest325;a fazer;;;;;;
78;21/12/2026;12;F3;Vol.2 Dívidas;TikTok;vídeo curto 21-45s;profissionais liberais;Se aceitar o acordo errado, a dívida volta;comenta a palavra-chave do vídeo (isca na bio);?utm_source=tiktok&utm_medium=organico&utm_campaign=vol2&utm_content=tiktok118;a fazer;;;;;;
78;21/12/2026;12;F3;Vol.2 Dívidas;YouTube Shorts;vídeo curto — reciclagem do vencedor;CLT;Cobrança todo dia? Obra pela ordem;"inscreve; isca na descrição";?utm_source=youtubeshorts&utm_medium=organico&utm_campaign=vol2&utm_content=youtube shorts119;a fazer;;;;;;
78;21/12/2026;12;F3;Vol.2 Dívidas;Instagram Reels;vídeo curto 21-45s (2ª peça);servidores;Se o credor ofereceu desconto na 1ª ligação, dá pra pedir mais;salva + link da isca na bio;?utm_source=instagramreels&utm_medium=organico&utm_campaign=vol2&utm_content=instagram reels120;a fazer;;;;;;
78;21/12/2026;12;F3;Vol.2 Dívidas;Fórum/Comunidade;resposta útil;aposentados;Como organizar o mês sem contracheque?;"sem link; perfil com a isca";?utm_source=fórum&utm_medium=organico&utm_campaign=vol2&utm_content=fórum037;a fazer;;;;;;
78;21/12/2026;12;F3;Vol.2 Dívidas;Pinterest;pin novo 1000x1500 (imagem nova);profissionais liberais;6 EXIGÊNCIAS POR ESCRITO;clique para o capítulo grátis;?utm_source=pinterest&utm_medium=organico&utm_campaign=vol2&utm_content=pinterest326;a fazer;;;;;;
78;21/12/2026;12;F3;Vol.2 Dívidas;Pinterest;pin novo 1000x1500 (imagem nova);CLT;12 CORTES NO ORÇAMENTO;clique para o capítulo grátis;?utm_source=pinterest&utm_medium=organico&utm_campaign=vol2&utm_content=pinterest327;a fazer;;;;;;
78;21/12/2026;12;F3;Vol.2 Dívidas;Pinterest;pin novo 1000x1500 (imagem nova);servidores;CALCULADORA DE PARCELA;clique para o capítulo grátis;?utm_source=pinterest&utm_medium=organico&utm_campaign=vol2&utm_content=pinterest328;a fazer;;;;;;
78;21/12/2026;12;F3;Vol.2 Dívidas;Pinterest;pin novo 1000x1500 (imagem nova);autônomos/motoristas;RAIO-X EM 2 HORAS;clique para o capítulo grátis;?utm_source=pinterest&utm_medium=organico&utm_campaign=vol2&utm_content=pinterest329;a fazer;;;;;;
78;21/12/2026;12;F3;Vol.2 Dívidas;Pinterest;pin novo 1000x1500 (imagem nova);famílias;15 SCRIPTS DE NEGOCIAÇÃO;clique para o capítulo grátis;?utm_source=pinterest&utm_medium=organico&utm_campaign=vol2&utm_content=pinterest330;a fazer;;;;;;
79;22/12/2026;12;F3;Vol.3 Airfryer;Instagram Reels;vídeo curto 21-45s;universitários/república;Sua airfryer sai seca: você pula um passo;salva + link da isca na bio;?utm_source=instagramreels&utm_medium=organico&utm_campaign=vol3&utm_content=instagram reels121;a fazer;;;;;;
79;22/12/2026;12;F3;Vol.3 Airfryer;TikTok;vídeo curto — reciclagem do vencedor;quem mora sozinho;7 marmitas em 90 minutos (a ordem);comenta a palavra-chave do vídeo (isca na bio);?utm_source=tiktok&utm_medium=organico&utm_campaign=vol3&utm_content=tiktok122;a fazer;;;;;;
79;22/12/2026;12;F3;Vol.3 Airfryer;Blog/Medium;artigo transacional;proteína (sem dieta);7 marmitas em 90 minutos: cronograma do domingo;CTA para a isca do livro;?utm_source=blog&utm_medium=organico&utm_campaign=vol3&utm_content=blog014;a fazer;;;;;;
79;22/12/2026;12;F3;Vol.3 Airfryer;Pinterest;pin novo 1000x1500 (imagem nova);marmita/trabalho;TABELA DE TEMPERATURA;clique para o capítulo grátis;?utm_source=pinterest&utm_medium=organico&utm_campaign=vol3&utm_content=pinterest331;a fazer;;;;;;
79;22/12/2026;12;F3;Vol.3 Airfryer;Pinterest;pin novo 1000x1500 (imagem nova);festas em casa;R$ 25 PARA 3 PESSOAS;clique para o capítulo grátis;?utm_source=pinterest&utm_medium=organico&utm_campaign=vol3&utm_content=pinterest332;a fazer;;;;;;
79;22/12/2026;12;F3;Vol.3 Airfryer;Pinterest;pin novo 1000x1500 (imagem nova);orçamento apertado;2 LITROS: AJUSTE AQUI;clique para o capítulo grátis;?utm_source=pinterest&utm_medium=organico&utm_campaign=vol3&utm_content=pinterest333;a fazer;;;;;;
79;22/12/2026;12;F3;Vol.3 Airfryer;Pinterest;pin novo 1000x1500 (imagem nova);proteína (sem dieta);O QUE CONGELAR;clique para o capítulo grátis;?utm_source=pinterest&utm_medium=organico&utm_campaign=vol3&utm_content=pinterest334;a fazer;;;;;;
79;22/12/2026;12;F3;Vol.3 Airfryer;Pinterest;pin novo 1000x1500 (imagem nova);vegetarianos;CUSTO POR PORÇÃO;clique para o capítulo grátis;?utm_source=pinterest&utm_medium=organico&utm_campaign=vol3&utm_content=pinterest335;a fazer;;;;;;
80;23/12/2026;12;F3;Vol.4 Energia;YouTube Shorts;vídeo curto 21-45s;concurseiros/ENEM;Sua última hora tem 3 tarefas. Só 3;"inscreve; isca na descrição";?utm_source=youtubeshorts&utm_medium=organico&utm_campaign=vol4&utm_content=youtube shorts123;a fazer;;;;;;
80;23/12/2026;12;F3;Vol.4 Energia;Instagram Reels;vídeo curto — reciclagem do vencedor;motoristas de app;Trabalha à noite ou em escala? Essa trilha é sua;salva + link da isca na bio;?utm_source=instagramreels&utm_medium=organico&utm_campaign=vol4&utm_content=instagram reels124;a fazer;;;;;;
80;23/12/2026;12;F3;Vol.4 Energia;TikTok;vídeo curto 21-45s (2ª peça);atletas amadores;Quarto escuro de verdade: 7 correções;comenta a palavra-chave do vídeo (isca na bio);?utm_source=tiktok&utm_medium=organico&utm_campaign=vol4&utm_content=tiktok125;a fazer;;;;;;
80;23/12/2026;12;F3;Vol.4 Energia;Fórum/Comunidade;resposta útil;freelancers;Como acordar sem 5 despertadores?;"sem link; perfil com a isca";?utm_source=fórum&utm_medium=organico&utm_campaign=vol4&utm_content=fórum038;a fazer;;;;;;
80;23/12/2026;12;F3;Vol.4 Energia;Pinterest;pin novo 1000x1500 (imagem nova);enfermagem/plantão;10 MINUTOS DE LUZ;clique para o capítulo grátis;?utm_source=pinterest&utm_medium=organico&utm_campaign=vol4&utm_content=pinterest336;a fazer;;;;;;
80;23/12/2026;12;F3;Vol.4 Energia;Pinterest;pin novo 1000x1500 (imagem nova);trabalho noturno;3 TAREFAS DA ÚLTIMA HORA;clique para o capítulo grátis;?utm_source=pinterest&utm_medium=organico&utm_campaign=vol4&utm_content=pinterest337;a fazer;;;;;;
80;23/12/2026;12;F3;Vol.4 Energia;Pinterest;pin novo 1000x1500 (imagem nova);mães e pais;15 MINUTOS POR DIA;clique para o capítulo grátis;?utm_source=pinterest&utm_medium=organico&utm_campaign=vol4&utm_content=pinterest338;a fazer;;;;;;
80;23/12/2026;12;F3;Vol.4 Energia;Pinterest;pin novo 1000x1500 (imagem nova);concurseiros/ENEM;TRABALHA À NOITE?;clique para o capítulo grátis;?utm_source=pinterest&utm_medium=organico&utm_campaign=vol4&utm_content=pinterest339;a fazer;;;;;;
80;23/12/2026;12;F3;Vol.4 Energia;Pinterest;pin novo 1000x1500 (imagem nova);motoristas de app;7 CORREÇÕES NO QUARTO;clique para o capítulo grátis;?utm_source=pinterest&utm_medium=organico&utm_campaign=vol4&utm_content=pinterest340;a fazer;;;;;;
81;24/12/2026;12;F3;Vol.1 IA;TikTok;vídeo curto 21-45s;corretores;Automação sem código: 4 passos;comenta a palavra-chave do vídeo (isca na bio);?utm_source=tiktok&utm_medium=organico&utm_campaign=vol1&utm_content=tiktok126;a fazer;;;;;;
81;24/12/2026;12;F3;Vol.1 IA;YouTube Shorts;vídeo curto — reciclagem do vencedor;suporte/atendimento;Tabela de preços: quanto cobrar com IA;"inscreve; isca na descrição";?utm_source=youtubeshorts&utm_medium=organico&utm_campaign=vol1&utm_content=youtube shorts127;a fazer;;;;;;
81;24/12/2026;12;F3;Vol.1 IA;Blog/Medium;artigo transacional;suporte/atendimento;IA para contabilidade: 9 tarefas do fechamento;CTA para a isca do livro;?utm_source=blog&utm_medium=organico&utm_campaign=vol1&utm_content=blog015;a fazer;;;;;;
81;24/12/2026;12;F3;Vol.1 IA;Pinterest;pin novo 1000x1500 (imagem nova);professores;4 MINUTOS NO LUGAR DE 3 HORAS;clique para o capítulo grátis;?utm_source=pinterest&utm_medium=organico&utm_campaign=vol1&utm_content=pinterest341;a fazer;;;;;;
81;24/12/2026;12;F3;Vol.1 IA;Pinterest;pin novo 1000x1500 (imagem nova);corretores;5 CAMPOS QUE FAZEM A IA TRABALHAR;clique para o capítulo grátis;?utm_source=pinterest&utm_medium=organico&utm_campaign=vol1&utm_content=pinterest342;a fazer;;;;;;
81;24/12/2026;12;F3;Vol.1 IA;Pinterest;pin novo 1000x1500 (imagem nova);suporte/atendimento;12 AUTOMAÇÕES SEM CÓDIGO;clique para o capítulo grátis;?utm_source=pinterest&utm_medium=organico&utm_campaign=vol1&utm_content=pinterest343;a fazer;;;;;;
81;24/12/2026;12;F3;Vol.1 IA;Pinterest;pin novo 1000x1500 (imagem nova);escritório/contabilidade;QUANTO COBRAR?;clique para o capítulo grátis;?utm_source=pinterest&utm_medium=organico&utm_campaign=vol1&utm_content=pinterest344;a fazer;;;;;;
81;24/12/2026;12;F3;Vol.1 IA;Pinterest;pin novo 1000x1500 (imagem nova);RH/recrutamento;200 PROMPTS POR PROFISSÃO;clique para o capítulo grátis;?utm_source=pinterest&utm_medium=organico&utm_campaign=vol1&utm_content=pinterest345;a fazer;;;;;;
82;25/12/2026;12;F3;Vol.2 Dívidas;Instagram Reels;vídeo curto 21-45s;servidores;Se aceitar o acordo errado, a dívida volta;salva + link da isca na bio;?utm_source=instagramreels&utm_medium=organico&utm_campaign=vol2&utm_content=instagram reels128;a fazer;;;;;;
82;25/12/2026;12;F3;Vol.2 Dívidas;TikTok;vídeo curto — reciclagem do vencedor;autônomos/motoristas;Cobrança todo dia? Obra pela ordem;comenta a palavra-chave do vídeo (isca na bio);?utm_source=tiktok&utm_medium=organico&utm_campaign=vol2&utm_content=tiktok129;a fazer;;;;;;
82;25/12/2026;12;F3;Vol.2 Dívidas;YouTube Shorts;vídeo curto 21-45s (2ª peça);famílias;Se o credor ofereceu desconto na 1ª ligação, dá pra pedir mais;"inscreve; isca na descrição";?utm_source=youtubeshorts&utm_medium=organico&utm_campaign=vol2&utm_content=youtube shorts130;a fazer;;;;;;
82;25/12/2026;12;F3;Vol.2 Dívidas;Fórum/Comunidade;resposta útil;CLT;Como sair das dívidas sem empréstimo?;"sem link; perfil com a isca";?utm_source=fórum&utm_medium=organico&utm_campaign=vol2&utm_content=fórum039;a fazer;;;;;;
82;25/12/2026;12;F3;Vol.2 Dívidas;LinkedIn;carrossel 8-10 páginas;estudantes/FIES;6 documentos antes de fechar um acordo;isca no comentário fixado;?utm_source=linkedin&utm_medium=organico&utm_campaign=vol2&utm_content=linkedin004;a fazer;;;;;;
82;25/12/2026;12;F3;Vol.2 Dívidas;Pinterest;pin novo 1000x1500 (imagem nova);famílias;CALCULADORA DE PARCELA;clique para o capítulo grátis;?utm_source=pinterest&utm_medium=organico&utm_campaign=vol2&utm_content=pinterest346;a fazer;;;;;;
82;25/12/2026;12;F3;Vol.2 Dívidas;Pinterest;pin novo 1000x1500 (imagem nova);jovens no 1º emprego;RAIO-X EM 2 HORAS;clique para o capítulo grátis;?utm_source=pinterest&utm_medium=organico&utm_campaign=vol2&utm_content=pinterest347;a fazer;;;;;;
82;25/12/2026;12;F3;Vol.2 Dívidas;Pinterest;pin novo 1000x1500 (imagem nova);estudantes/FIES;15 SCRIPTS DE NEGOCIAÇÃO;clique para o capítulo grátis;?utm_source=pinterest&utm_medium=organico&utm_campaign=vol2&utm_content=pinterest348;a fazer;;;;;;
82;25/12/2026;12;F3;Vol.2 Dívidas;Pinterest;pin novo 1000x1500 (imagem nova);aposentados;A ORDEM CERTA;clique para o capítulo grátis;?utm_source=pinterest&utm_medium=organico&utm_campaign=vol2&utm_content=pinterest349;a fazer;;;;;;
82;25/12/2026;12;F3;Vol.2 Dívidas;Pinterest;pin novo 1000x1500 (imagem nova);profissionais liberais;6 EXIGÊNCIAS POR ESCRITO;clique para o capítulo grátis;?utm_source=pinterest&utm_medium=organico&utm_campaign=vol2&utm_content=pinterest350;a fazer;;;;;;
83;26/12/2026;12;F3;Vol.3 Airfryer;YouTube Shorts;vídeo curto 21-45s;marmita/trabalho;Sua airfryer sai seca: você pula um passo;"inscreve; isca na descrição";?utm_source=youtubeshorts&utm_medium=organico&utm_campaign=vol3&utm_content=youtube shorts131;a fazer;;;;;;
83;26/12/2026;12;F3;Vol.3 Airfryer;TikTok;vídeo curto — reciclagem do vencedor;festas em casa;7 marmitas em 90 minutos (a ordem);comenta a palavra-chave do vídeo (isca na bio);?utm_source=tiktok&utm_medium=organico&utm_campaign=vol3&utm_content=tiktok132;a fazer;;;;;;
83;26/12/2026;12;F3;Vol.3 Airfryer;YouTube;vídeo longo 6-12 min;festas em casa;Vídeo longo do Vol.3 Airfryer (ver arquivo 14, seção 2);isca na descrição + capítulo final;?utm_source=youtube&utm_medium=organico&utm_campaign=vol3&utm_content=youtube012;a fazer;;;;;;
83;26/12/2026;12;F3;Vol.3 Airfryer;Pinterest;pin novo 1000x1500 (imagem nova);vegetarianos;2 LITROS: AJUSTE AQUI;clique para o capítulo grátis;?utm_source=pinterest&utm_medium=organico&utm_campaign=vol3&utm_content=pinterest351;a fazer;;;;;;
83;26/12/2026;12;F3;Vol.3 Airfryer;Pinterest;pin novo 1000x1500 (imagem nova);famílias com crianças;O QUE CONGELAR;clique para o capítulo grátis;?utm_source=pinterest&utm_medium=organico&utm_campaign=vol3&utm_content=pinterest352;a fazer;;;;;;
83;26/12/2026;12;F3;Vol.3 Airfryer;Pinterest;pin novo 1000x1500 (imagem nova);universitários/república;CUSTO POR PORÇÃO;clique para o capítulo grátis;?utm_source=pinterest&utm_medium=organico&utm_campaign=vol3&utm_content=pinterest353;a fazer;;;;;;
83;26/12/2026;12;F3;Vol.3 Airfryer;Pinterest;pin novo 1000x1500 (imagem nova);quem mora sozinho;7 MARMITAS EM 90 MIN;clique para o capítulo grátis;?utm_source=pinterest&utm_medium=organico&utm_campaign=vol3&utm_content=pinterest354;a fazer;;;;;;
83;26/12/2026;12;F3;Vol.3 Airfryer;Pinterest;pin novo 1000x1500 (imagem nova);marmita/trabalho;TABELA DE TEMPERATURA;clique para o capítulo grátis;?utm_source=pinterest&utm_medium=organico&utm_campaign=vol3&utm_content=pinterest355;a fazer;;;;;;
84;27/12/2026;12;F3;Vol.4 Energia;TikTok;vídeo curto 21-45s;atletas amadores;Sua última hora tem 3 tarefas. Só 3;comenta a palavra-chave do vídeo (isca na bio);?utm_source=tiktok&utm_medium=organico&utm_campaign=vol4&utm_content=tiktok133;a fazer;;;;;;
84;27/12/2026;12;F3;Vol.4 Energia;Instagram Reels;vídeo curto — reciclagem do vencedor;freelancers;Trabalha à noite ou em escala? Essa trilha é sua;salva + link da isca na bio;?utm_source=instagramreels&utm_medium=organico&utm_campaign=vol4&utm_content=instagram reels134;a fazer;;;;;;
84;27/12/2026;12;F3;Vol.4 Energia;TikTok;vídeo curto 21-45s (2ª peça);viajantes/fuso;Quarto escuro de verdade: 7 correções;comenta a palavra-chave do vídeo (isca na bio);?utm_source=tiktok&utm_medium=organico&utm_campaign=vol4&utm_content=tiktok135;a fazer;;;;;;
84;27/12/2026;12;F3;Vol.4 Energia;Fórum/Comunidade;resposta útil;enfermagem/plantão;Como virar o dia depois da escala?;"sem link; perfil com a isca";?utm_source=fórum&utm_medium=organico&utm_campaign=vol4&utm_content=fórum040;a fazer;;;;;;
84;27/12/2026;12;F3;Vol.4 Energia;Newsletter;1 ideia + 1 tarefa + 1 CTA;motoristas de app;Os 10 minutos que decidem sua noite;oferta R$ 47 (garantia de 7 dias);?utm_source=newsletter&utm_medium=organico&utm_campaign=vol4&utm_content=newsletter012;a fazer;;;;;;
84;27/12/2026;12;F3;Vol.4 Energia;Pinterest;pin novo 1000x1500 (imagem nova);motoristas de app;15 MINUTOS POR DIA;clique para o capítulo grátis;?utm_source=pinterest&utm_medium=organico&utm_campaign=vol4&utm_content=pinterest356;a fazer;;;;;;
84;27/12/2026;12;F3;Vol.4 Energia;Pinterest;pin novo 1000x1500 (imagem nova);atletas amadores;TRABALHA À NOITE?;clique para o capítulo grátis;?utm_source=pinterest&utm_medium=organico&utm_campaign=vol4&utm_content=pinterest357;a fazer;;;;;;
84;27/12/2026;12;F3;Vol.4 Energia;Pinterest;pin novo 1000x1500 (imagem nova);freelancers;7 CORREÇÕES NO QUARTO;clique para o capítulo grátis;?utm_source=pinterest&utm_medium=organico&utm_campaign=vol4&utm_content=pinterest358;a fazer;;;;;;
84;27/12/2026;12;F3;Vol.4 Energia;Pinterest;pin novo 1000x1500 (imagem nova);viajantes/fuso;RASTREADOR DE 21 DIAS;clique para o capítulo grátis;?utm_source=pinterest&utm_medium=organico&utm_campaign=vol4&utm_content=pinterest359;a fazer;;;;;;
84;27/12/2026;12;F3;Vol.4 Energia;Pinterest;pin novo 1000x1500 (imagem nova);enfermagem/plantão;10 MINUTOS DE LUZ;clique para o capítulo grátis;?utm_source=pinterest&utm_medium=organico&utm_campaign=vol4&utm_content=pinterest360;a fazer;;;;;;
85;28/12/2026;13;F3;Vol.1 IA;TikTok;vídeo curto 21-45s;escritório/contabilidade;Automação sem código: 4 passos;comenta a palavra-chave do vídeo (isca na bio);?utm_source=tiktok&utm_medium=organico&utm_campaign=vol1&utm_content=tiktok136;a fazer;;;;;;
85;28/12/2026;13;F3;Vol.1 IA;YouTube Shorts;vídeo curto — reciclagem do vencedor;RH/recrutamento;Tabela de preços: quanto cobrar com IA;"inscreve; isca na descrição";?utm_source=youtubeshorts&utm_medium=organico&utm_campaign=vol1&utm_content=youtube shorts137;a fazer;;;;;;
85;28/12/2026;13;F3;Vol.1 IA;Instagram Reels;vídeo curto 21-45s (2ª peça);freelancer/social media;IA não veio te substituir, veio tirar a parte chata;salva + link da isca na bio;?utm_source=instagramreels&utm_medium=organico&utm_campaign=vol1&utm_content=instagram reels138;a fazer;;;;;;
85;28/12/2026;13;F3;Vol.1 IA;Fórum/Comunidade;resposta útil;RH/recrutamento;IA serve pra quê no trabalho de verdade?;"sem link; perfil com a isca";?utm_source=fórum&utm_medium=organico&utm_campaign=vol1&utm_content=fórum041;a fazer;;;;;;
85;28/12/2026;13;F3;Vol.1 IA;Pinterest;pin novo 1000x1500 (imagem nova);RH/recrutamento;12 AUTOMAÇÕES SEM CÓDIGO;clique para o capítulo grátis;?utm_source=pinterest&utm_medium=organico&utm_campaign=vol1&utm_content=pinterest361;a fazer;;;;;;
85;28/12/2026;13;F3;Vol.1 IA;Pinterest;pin novo 1000x1500 (imagem nova);freelancer/social media;QUANTO COBRAR?;clique para o capítulo grátis;?utm_source=pinterest&utm_medium=organico&utm_campaign=vol1&utm_content=pinterest362;a fazer;;;;;;
85;28/12/2026;13;F3;Vol.1 IA;Pinterest;pin novo 1000x1500 (imagem nova);MEI/loja pequena;200 PROMPTS POR PROFISSÃO;clique para o capítulo grátis;?utm_source=pinterest&utm_medium=organico&utm_campaign=vol1&utm_content=pinterest363;a fazer;;;;;;
85;28/12/2026;13;F3;Vol.1 IA;Pinterest;pin novo 1000x1500 (imagem nova);advocacia;QUANTO VALE SUA HORA?;clique para o capítulo grátis;?utm_source=pinterest&utm_medium=organico&utm_campaign=vol1&utm_content=pinterest364;a fazer;;;;;;
85;28/12/2026;13;F3;Vol.1 IA;Pinterest;pin novo 1000x1500 (imagem nova);professores;4 MINUTOS NO LUGAR DE 3 HORAS;clique para o capítulo grátis;?utm_source=pinterest&utm_medium=organico&utm_campaign=vol1&utm_content=pinterest365;a fazer;;;;;;
86;29/12/2026;13;F3;Vol.2 Dívidas;Instagram Reels;vídeo curto 21-45s;jovens no 1º emprego;Cobrança todo dia? Obra pela ordem;salva + link da isca na bio;?utm_source=instagramreels&utm_medium=organico&utm_campaign=vol2&utm_content=instagram reels139;a fazer;;;;;;
86;29/12/2026;13;F3;Vol.2 Dívidas;TikTok;vídeo curto — reciclagem do vencedor;estudantes/FIES;Se o credor ofereceu desconto na 1ª ligação, dá pra pedir mais;comenta a palavra-chave do vídeo (isca na bio);?utm_source=tiktok&utm_medium=organico&utm_campaign=vol2&utm_content=tiktok140;a fazer;;;;;;
86;29/12/2026;13;F3;Vol.2 Dívidas;Blog/Medium;artigo transacional;servidores;Calculadora de parcela: o que cabe no mês;CTA para a isca do livro;?utm_source=blog&utm_medium=organico&utm_campaign=vol2&utm_content=blog016;a fazer;;;;;;
86;29/12/2026;13;F3;Vol.2 Dívidas;Pinterest;pin novo 1000x1500 (imagem nova);profissionais liberais;15 SCRIPTS DE NEGOCIAÇÃO;clique para o capítulo grátis;?utm_source=pinterest&utm_medium=organico&utm_campaign=vol2&utm_content=pinterest366;a fazer;;;;;;
86;29/12/2026;13;F3;Vol.2 Dívidas;Pinterest;pin novo 1000x1500 (imagem nova);CLT;A ORDEM CERTA;clique para o capítulo grátis;?utm_source=pinterest&utm_medium=organico&utm_campaign=vol2&utm_content=pinterest367;a fazer;;;;;;
86;29/12/2026;13;F3;Vol.2 Dívidas;Pinterest;pin novo 1000x1500 (imagem nova);servidores;6 EXIGÊNCIAS POR ESCRITO;clique para o capítulo grátis;?utm_source=pinterest&utm_medium=organico&utm_campaign=vol2&utm_content=pinterest368;a fazer;;;;;;
86;29/12/2026;13;F3;Vol.2 Dívidas;Pinterest;pin novo 1000x1500 (imagem nova);autônomos/motoristas;12 CORTES NO ORÇAMENTO;clique para o capítulo grátis;?utm_source=pinterest&utm_medium=organico&utm_campaign=vol2&utm_content=pinterest369;a fazer;;;;;;
86;29/12/2026;13;F3;Vol.2 Dívidas;Pinterest;pin novo 1000x1500 (imagem nova);famílias;CALCULADORA DE PARCELA;clique para o capítulo grátis;?utm_source=pinterest&utm_medium=organico&utm_campaign=vol2&utm_content=pinterest370;a fazer;;;;;;
87;30/12/2026;13;F3;Vol.3 Airfryer;YouTube Shorts;vídeo curto 21-45s;orçamento apertado;Sua airfryer sai seca: você pula um passo;"inscreve; isca na descrição";?utm_source=youtubeshorts&utm_medium=organico&utm_campaign=vol3&utm_content=youtube shorts141;a fazer;;;;;;
87;30/12/2026;13;F3;Vol.3 Airfryer;Instagram Reels;vídeo curto — reciclagem do vencedor;proteína (sem dieta);7 marmitas em 90 minutos (a ordem);salva + link da isca na bio;?utm_source=instagramreels&utm_medium=organico&utm_campaign=vol3&utm_content=instagram reels142;a fazer;;;;;;
87;30/12/2026;13;F3;Vol.3 Airfryer;TikTok;vídeo curto 21-45s (2ª peça);vegetarianos;Quanto custou o prato de hoje?;comenta a palavra-chave do vídeo (isca na bio);?utm_source=tiktok&utm_medium=organico&utm_campaign=vol3&utm_content=tiktok143;a fazer;;;;;;
87;30/12/2026;13;F3;Vol.3 Airfryer;Fórum/Comunidade;resposta útil;quem mora sozinho;Jantar rápido para 4 pessoas?;"sem link; perfil com a isca";?utm_source=fórum&utm_medium=organico&utm_campaign=vol3&utm_content=fórum042;a fazer;;;;;;
87;30/12/2026;13;F3;Vol.3 Airfryer;Pinterest;pin novo 1000x1500 (imagem nova);marmita/trabalho;CUSTO POR PORÇÃO;clique para o capítulo grátis;?utm_source=pinterest&utm_medium=organico&utm_campaign=vol3&utm_content=pinterest371;a fazer;;;;;;
87;30/12/2026;13;F3;Vol.3 Airfryer;Pinterest;pin novo 1000x1500 (imagem nova);festas em casa;7 MARMITAS EM 90 MIN;clique para o capítulo grátis;?utm_source=pinterest&utm_medium=organico&utm_campaign=vol3&utm_content=pinterest372;a fazer;;;;;;
87;30/12/2026;13;F3;Vol.3 Airfryer;Pinterest;pin novo 1000x1500 (imagem nova);orçamento apertado;TABELA DE TEMPERATURA;clique para o capítulo grátis;?utm_source=pinterest&utm_medium=organico&utm_campaign=vol3&utm_content=pinterest373;a fazer;;;;;;
87;30/12/2026;13;F3;Vol.3 Airfryer;Pinterest;pin novo 1000x1500 (imagem nova);proteína (sem dieta);R$ 25 PARA 3 PESSOAS;clique para o capítulo grátis;?utm_source=pinterest&utm_medium=organico&utm_campaign=vol3&utm_content=pinterest374;a fazer;;;;;;
87;30/12/2026;13;F3;Vol.3 Airfryer;Pinterest;pin novo 1000x1500 (imagem nova);vegetarianos;2 LITROS: AJUSTE AQUI;clique para o capítulo grátis;?utm_source=pinterest&utm_medium=organico&utm_campaign=vol3&utm_content=pinterest375;a fazer;;;;;;
88;31/12/2026;13;F3;Vol.4 Energia;TikTok;vídeo curto 21-45s;enfermagem/plantão;Trabalha à noite ou em escala? Essa trilha é sua;comenta a palavra-chave do vídeo (isca na bio);?utm_source=tiktok&utm_medium=organico&utm_campaign=vol4&utm_content=tiktok144;a fazer;;;;;;
88;31/12/2026;13;F3;Vol.4 Energia;YouTube Shorts;vídeo curto — reciclagem do vencedor;trabalho noturno;Quarto escuro de verdade: 7 correções;"inscreve; isca na descrição";?utm_source=youtubeshorts&utm_medium=organico&utm_campaign=vol4&utm_content=youtube shorts145;a fazer;;;;;;
88;31/12/2026;13;F3;Vol.4 Energia;Blog/Medium;artigo transacional;trabalho noturno;Rotina em semanas de crise: reconstrução em 3 dias;CTA para a isca do livro;?utm_source=blog&utm_medium=organico&utm_campaign=vol4&utm_content=blog017;a fazer;;;;;;
88;31/12/2026;13;F3;Vol.4 Energia;Pinterest;pin novo 1000x1500 (imagem nova);enfermagem/plantão;7 CORREÇÕES NO QUARTO;clique para o capítulo grátis;?utm_source=pinterest&utm_medium=organico&utm_campaign=vol4&utm_content=pinterest376;a fazer;;;;;;
88;31/12/2026;13;F3;Vol.4 Energia;Pinterest;pin novo 1000x1500 (imagem nova);trabalho noturno;RASTREADOR DE 21 DIAS;clique para o capítulo grátis;?utm_source=pinterest&utm_medium=organico&utm_campaign=vol4&utm_content=pinterest377;a fazer;;;;;;
88;31/12/2026;13;F3;Vol.4 Energia;Pinterest;pin novo 1000x1500 (imagem nova);mães e pais;10 MINUTOS DE LUZ;clique para o capítulo grátis;?utm_source=pinterest&utm_medium=organico&utm_campaign=vol4&utm_content=pinterest378;a fazer;;;;;;
88;31/12/2026;13;F3;Vol.4 Energia;Pinterest;pin novo 1000x1500 (imagem nova);concurseiros/ENEM;3 TAREFAS DA ÚLTIMA HORA;clique para o capítulo grátis;?utm_source=pinterest&utm_medium=organico&utm_campaign=vol4&utm_content=pinterest379;a fazer;;;;;;
88;31/12/2026;13;F3;Vol.4 Energia;Pinterest;pin novo 1000x1500 (imagem nova);motoristas de app;15 MINUTOS POR DIA;clique para o capítulo grátis;?utm_source=pinterest&utm_medium=organico&utm_campaign=vol4&utm_content=pinterest380;a fazer;;;;;;
89;01/01/2027;13;F3;Vol.1 IA;Instagram Reels;vídeo curto 21-45s;freelancer/social media;Automação sem código: 4 passos;salva + link da isca na bio;?utm_source=instagramreels&utm_medium=organico&utm_campaign=vol1&utm_content=instagram reels146;a fazer;;;;;;
89;01/01/2027;13;F3;Vol.1 IA;TikTok;vídeo curto — reciclagem do vencedor;MEI/loja pequena;Tabela de preços: quanto cobrar com IA;comenta a palavra-chave do vídeo (isca na bio);?utm_source=tiktok&utm_medium=organico&utm_campaign=vol1&utm_content=tiktok147;a fazer;;;;;;
89;01/01/2027;13;F3;Vol.1 IA;YouTube Shorts;vídeo curto 21-45s (2ª peça);advocacia;IA não veio te substituir, veio tirar a parte chata;"inscreve; isca na descrição";?utm_source=youtubeshorts&utm_medium=organico&utm_campaign=vol1&utm_content=youtube shorts148;a fazer;;;;;;
89;01/01/2027;13;F3;Vol.1 IA;Fórum/Comunidade;resposta útil;MEI/loja pequena;Como ganhar tempo no escritório?;"sem link; perfil com a isca";?utm_source=fórum&utm_medium=organico&utm_campaign=vol1&utm_content=fórum043;a fazer;;;;;;
89;01/01/2027;13;F3;Vol.1 IA;LinkedIn;carrossel 8-10 páginas;professores;O erro de 90% dos prompts corporativos;isca no comentário fixado;?utm_source=linkedin&utm_medium=organico&utm_campaign=vol1&utm_content=linkedin005;a fazer;;;;;;
89;01/01/2027;13;F3;Vol.1 IA;Pinterest;pin novo 1000x1500 (imagem nova);professores;200 PROMPTS POR PROFISSÃO;clique para o capítulo grátis;?utm_source=pinterest&utm_medium=organico&utm_campaign=vol1&utm_content=pinterest381;a fazer;;;;;;
89;01/01/2027;13;F3;Vol.1 IA;Pinterest;pin novo 1000x1500 (imagem nova);corretores;QUANTO VALE SUA HORA?;clique para o capítulo grátis;?utm_source=pinterest&utm_medium=organico&utm_campaign=vol1&utm_content=pinterest382;a fazer;;;;;;
89;01/01/2027;13;F3;Vol.1 IA;Pinterest;pin novo 1000x1500 (imagem nova);suporte/atendimento;4 MINUTOS NO LUGAR DE 3 HORAS;clique para o capítulo grátis;?utm_source=pinterest&utm_medium=organico&utm_campaign=vol1&utm_content=pinterest383;a fazer;;;;;;
89;01/01/2027;13;F3;Vol.1 IA;Pinterest;pin novo 1000x1500 (imagem nova);escritório/contabilidade;5 CAMPOS QUE FAZEM A IA TRABALHAR;clique para o capítulo grátis;?utm_source=pinterest&utm_medium=organico&utm_campaign=vol1&utm_content=pinterest384;a fazer;;;;;;
89;01/01/2027;13;F3;Vol.1 IA;Pinterest;pin novo 1000x1500 (imagem nova);RH/recrutamento;12 AUTOMAÇÕES SEM CÓDIGO;clique para o capítulo grátis;?utm_source=pinterest&utm_medium=organico&utm_campaign=vol1&utm_content=pinterest385;a fazer;;;;;;
90;02/01/2027;13;F3;Vol.2 Dívidas;YouTube Shorts;vídeo curto 21-45s;aposentados;Cobrança todo dia? Obra pela ordem;"inscreve; isca na descrição";?utm_source=youtubeshorts&utm_medium=organico&utm_campaign=vol2&utm_content=youtube shorts149;a fazer;;;;;;
90;02/01/2027;13;F3;Vol.2 Dívidas;TikTok;vídeo curto — reciclagem do vencedor;profissionais liberais;Se o credor ofereceu desconto na 1ª ligação, dá pra pedir mais;comenta a palavra-chave do vídeo (isca na bio);?utm_source=tiktok&utm_medium=organico&utm_campaign=vol2&utm_content=tiktok150;a fazer;;;;;;
90;02/01/2027;13;F3;Vol.2 Dívidas;YouTube;vídeo longo 6-12 min;aposentados;Vídeo longo do Vol.2 Dívidas (ver arquivo 14, seção 2);isca na descrição + capítulo final;?utm_source=youtube&utm_medium=organico&utm_campaign=vol2&utm_content=youtube013;a fazer;;;;;;
90;02/01/2027;13;F3;Vol.2 Dívidas;Pinterest;pin novo 1000x1500 (imagem nova);famílias;6 EXIGÊNCIAS POR ESCRITO;clique para o capítulo grátis;?utm_source=pinterest&utm_medium=organico&utm_campaign=vol2&utm_content=pinterest386;a fazer;;;;;;
90;02/01/2027;13;F3;Vol.2 Dívidas;Pinterest;pin novo 1000x1500 (imagem nova);jovens no 1º emprego;12 CORTES NO ORÇAMENTO;clique para o capítulo grátis;?utm_source=pinterest&utm_medium=organico&utm_campaign=vol2&utm_content=pinterest387;a fazer;;;;;;
90;02/01/2027;13;F3;Vol.2 Dívidas;Pinterest;pin novo 1000x1500 (imagem nova);estudantes/FIES;CALCULADORA DE PARCELA;clique para o capítulo grátis;?utm_source=pinterest&utm_medium=organico&utm_campaign=vol2&utm_content=pinterest388;a fazer;;;;;;
90;02/01/2027;13;F3;Vol.2 Dívidas;Pinterest;pin novo 1000x1500 (imagem nova);aposentados;RAIO-X EM 2 HORAS;clique para o capítulo grátis;?utm_source=pinterest&utm_medium=organico&utm_campaign=vol2&utm_content=pinterest389;a fazer;;;;;;
90;02/01/2027;13;F3;Vol.2 Dívidas;Pinterest;pin novo 1000x1500 (imagem nova);profissionais liberais;15 SCRIPTS DE NEGOCIAÇÃO;clique para o capítulo grátis;?utm_source=pinterest&utm_medium=organico&utm_campaign=vol2&utm_content=pinterest390;a fazer;;;;;;
